id,reservation_id,amount,payment_method,payment_date
1,1,400,PayPal,2025-01-13
2,2,360,Credit Card,2025-02-23
3,3,960,PayPal,2025-05-08
4,4,1320,Debit Card,2024-01-07
5,5,450,PayPal,2025-03-20
6,6,320,Debit Card,2024-03-21
7,7,40,Debit Card,2024-05-15
8,8,350,PayPal,2024-02-05
9,9,1200,Bank Transfer,2024-06-22
10,10,200,PayPal,2024-09-11
11,11,400,PayPal,2023-11-08
12,12,320,PayPal,2023-09-13
13,13,200,Debit Card,2024-11-08
14,14,120,PayPal,2025-03-29
15,15,240,Debit Card,2024-04-16
16,16,120,Credit Card,2024-06-26
17,17,1440,Debit Card,2025-03-21
18,18,350,PayPal,2024-10-20
19,19,360,Bank Transfer,2025-06-07
20,20,160,Debit Card,2025-07-16
21,21,70,Credit Card,2025-07-10
22,22,40,Bank Transfer,2023-08-22
23,23,210,Bank Transfer,2023-10-26
24,24,490,PayPal,2025-01-31
25,25,480,Bank Transfer,2023-08-28
26,26,2600,Credit Card,2024-10-04
27,27,560,PayPal,2023-09-28
28,28,960,Debit Card,2024-03-30
29,29,80,Credit Card,2024-04-18
30,30,400,PayPal,2024-01-09
31,31,560,Credit Card,2023-10-13
32,32,360,PayPal,2023-10-17
33,33,560,Credit Card,2024-09-28
34,34,480,Bank Transfer,2024-10-22
35,35,480,PayPal,2024-07-13
36,36,400,Debit Card,2025-06-12
37,37,440,Debit Card,2024-10-20
38,38,980,Credit Card,2024-09-14
39,39,2600,Bank Transfer,2024-06-02
40,40,300,Credit Card,2024-05-06
41,41,280,Bank Transfer,2024-07-24
42,42,480,Bank Transfer,2024-08-17
43,43,600,Credit Card,2025-02-23
44,44,360,Bank Transfer,2023-12-24
45,45,1400,Debit Card,2024-03-09
46,46,320,Debit Card,2023-12-16
47,47,360,Bank Transfer,2024-05-29
48,48,770,Debit Card,2024-11-18
49,49,840,Debit Card,2024-07-15
50,50,600,Bank Transfer,2024-11-14
51,51,700,Credit Card,2024-01-11
52,52,480,Bank Transfer,2025-02-24
53,53,480,Bank Transfer,2024-03-06
54,54,280,Credit Card,2025-04-21
55,55,800,Credit Card,2024-06-11
56,56,560,Debit Card,2024-08-29
57,57,400,PayPal,2024-07-18
58,58,150,Bank Transfer,2023-08-24
59,59,480,Credit Card,2025-05-17
60,60,2800,Debit Card,2023-10-19
61,61,1000,Credit Card,2024-11-07
62,62,770,Debit Card,2024-03-20
63,63,150,Debit Card,2024-04-16
64,64,2800,PayPal,2024-11-05
65,65,1600,Debit Card,2024-09-17
66,66,600,PayPal,2025-02-12
67,67,720,PayPal,2025-05-02
68,68,550,Credit Card,2024-08-19
69,69,200,Credit Card,2025-07-13
70,70,120,Debit Card,2025-01-03
71,71,1560,Bank Transfer,2025-06-06
72,72,400,Bank Transfer,2025-03-16
73,73,360,Bank Transfer,2023-10-19
74,74,360,Credit Card,2024-05-06
75,75,360,Bank Transfer,2024-03-24
76,76,50,Credit Card,2024-01-28
77,77,200,PayPal,2024-10-08
78,78,360,Bank Transfer,2023-11-25
79,79,2400,Debit Card,2024-09-13
80,80,150,Debit Card,2023-08-24
81,81,700,Debit Card,2024-01-13
82,82,1320,Debit Card,2023-09-19
83,83,490,Credit Card,2025-05-17
84,84,480,PayPal,2025-06-06
85,85,1600,Debit Card,2023-09-08
86,86,1440,PayPal,2025-06-02
87,87,1400,PayPal,2024-06-08
88,88,960,PayPal,2024-08-10
89,89,490,Bank Transfer,2024-11-26
90,90,1200,Debit Card,2025-06-17
91,91,400,PayPal,2024-09-07
92,92,2200,Credit Card,2023-08-28
93,93,320,Debit Card,2025-02-22
94,94,350,PayPal,2024-10-22
95,95,280,Debit Card,2023-08-15
96,96,350,Debit Card,2024-06-21
97,97,200,Debit Card,2025-03-04
98,98,120,Credit Card,2024-03-31
99,99,1400,Debit Card,2024-12-27
100,100,120,Credit Card,2023-09-16
101,101,1080,Debit Card,2024-07-12
102,102,550,PayPal,2024-08-01
103,103,490,Credit Card,2024-04-11
104,104,240,Bank Transfer,2025-02-25
105,105,200,Bank Transfer,2025-01-16
106,106,1080,Credit Card,2025-06-02
107,107,420,PayPal,2024-08-29
108,108,490,Credit Card,2024-12-17
109,109,120,PayPal,2023-09-24
110,110,550,Bank Transfer,2024-07-31
111,111,120,PayPal,2024-04-28
112,112,1800,Credit Card,2023-11-13
113,113,2000,Debit Card,2025-05-26
114,114,1080,Debit Card,2024-09-23
115,115,1200,PayPal,2025-01-31
116,116,1800,Credit Card,2024-11-08
117,117,50,Bank Transfer,2023-12-14
118,118,120,Credit Card,2025-05-07
119,119,440,Bank Transfer,2025-07-07
120,120,360,Bank Transfer,2024-01-18
121,121,910,Debit Card,2024-08-25
122,122,120,Credit Card,2024-12-28
123,123,960,Credit Card,2023-08-22
124,124,650,Debit Card,2025-07-30
125,125,770,PayPal,2024-01-14
126,126,800,Bank Transfer,2023-09-19
127,127,400,Debit Card,2025-03-16
128,128,440,Bank Transfer,2024-02-11
129,129,520,Debit Card,2024-03-24
130,130,1680,Bank Transfer,2023-12-05
131,131,800,Bank Transfer,2024-03-03
132,132,630,PayPal,2025-05-13
133,133,200,PayPal,2025-04-28
134,134,550,Debit Card,2025-02-13
135,135,80,Debit Card,2023-10-30
136,136,2200,Bank Transfer,2023-12-22
137,137,1560,Credit Card,2023-09-03
138,138,650,Bank Transfer,2025-05-13
139,139,1000,Bank Transfer,2025-02-17
140,140,700,Debit Card,2025-01-15
141,141,630,Credit Card,2025-07-29
142,142,1200,Bank Transfer,2024-03-03
143,143,700,Credit Card,2024-09-19
144,144,1600,Credit Card,2024-04-19
145,145,560,Bank Transfer,2024-05-25
146,146,840,PayPal,2024-09-03
147,147,500,Bank Transfer,2024-04-03
148,148,120,Bank Transfer,2024-01-19
149,149,120,Credit Card,2023-08-16
150,150,550,PayPal,2025-05-17
151,151,350,Debit Card,2024-12-24
152,152,210,Credit Card,2024-05-01
153,153,360,Credit Card,2024-07-02
154,154,800,PayPal,2024-04-02
155,155,210,Bank Transfer,2024-11-10
156,156,1800,Credit Card,2025-02-17
157,157,80,Debit Card,2025-01-05
158,158,70,Bank Transfer,2024-05-06
159,159,240,Debit Card,2025-01-06
160,160,720,Bank Transfer,2025-02-22
161,161,980,PayPal,2024-06-25
162,162,1560,Debit Card,2025-01-31
163,163,360,Debit Card,2024-10-03
164,164,400,PayPal,2025-05-01
165,165,500,Debit Card,2024-12-09
166,166,120,Bank Transfer,2024-12-22
167,167,1800,Bank Transfer,2024-12-20
168,168,80,Credit Card,2023-11-13
169,169,200,Bank Transfer,2024-06-25
170,170,1560,PayPal,2024-02-29
171,171,240,Bank Transfer,2025-07-30
172,172,520,PayPal,2024-12-26
173,173,910,PayPal,2024-04-28
174,174,320,Bank Transfer,2025-05-21
175,175,960,Debit Card,2023-11-28
176,176,100,PayPal,2024-06-07
177,177,1200,PayPal,2025-07-03
178,178,140,PayPal,2023-10-27
179,179,120,Bank Transfer,2023-08-13
180,180,630,PayPal,2025-01-17
181,181,700,Debit Card,2024-03-28
182,182,1600,Credit Card,2024-04-13
183,183,480,Debit Card,2025-06-02
184,184,1400,Bank Transfer,2024-05-18
185,185,720,PayPal,2024-11-26
186,186,320,PayPal,2024-03-29
187,187,70,Bank Transfer,2024-03-05
188,188,400,Bank Transfer,2025-05-09
189,189,200,PayPal,2023-08-17
190,190,100,Credit Card,2023-12-29
191,191,2000,Credit Card,2023-08-16
192,192,400,PayPal,2025-07-25
193,193,250,Credit Card,2025-01-02
194,194,960,PayPal,2023-12-14
195,195,480,PayPal,2025-01-17
196,196,440,Bank Transfer,2025-07-11
197,197,400,Debit Card,2025-07-14
198,198,440,Bank Transfer,2024-08-10
199,199,2200,Credit Card,2025-06-24
200,200,40,Credit Card,2024-01-28
201,201,480,Bank Transfer,2025-07-12
202,202,550,PayPal,2023-09-16
203,203,100,Credit Card,2023-11-07
204,204,420,Debit Card,2024-04-08
205,205,490,Credit Card,2025-01-16
206,206,2400,Bank Transfer,2025-02-15
207,207,240,Debit Card,2025-04-16
208,208,1080,Debit Card,2024-12-08
209,209,450,Bank Transfer,2024-09-11
210,210,600,Debit Card,2024-01-28
211,211,480,Bank Transfer,2025-04-15
212,212,1000,PayPal,2024-02-17
213,213,320,Credit Card,2024-08-25
214,214,1200,Debit Card,2024-02-12
215,215,320,Credit Card,2023-10-29
216,216,210,Debit Card,2025-02-01
217,217,1200,Debit Card,2025-01-13
218,218,40,Bank Transfer,2024-03-12
219,219,120,Credit Card,2025-06-25
220,220,200,PayPal,2024-10-07
221,221,2600,Bank Transfer,2025-05-09
222,222,1000,Debit Card,2024-06-24
223,223,600,PayPal,2025-05-23
224,224,700,Credit Card,2023-10-29
225,225,240,Bank Transfer,2023-10-10
226,226,350,PayPal,2024-03-04
227,227,120,Bank Transfer,2024-08-29
228,228,160,Bank Transfer,2024-03-08
229,229,1000,Credit Card,2024-04-05
230,230,500,Credit Card,2025-04-12
231,231,960,Credit Card,2024-02-13
232,232,450,Bank Transfer,2025-07-16
233,233,240,Debit Card,2025-01-09
234,234,1200,PayPal,2025-02-18
235,235,960,Debit Card,2023-09-05
236,236,1680,PayPal,2024-01-20
237,237,400,Debit Card,2024-08-08
238,238,70,Debit Card,2024-07-03
239,239,2600,Credit Card,2024-10-05
240,240,490,Credit Card,2023-12-28
241,241,140,Debit Card,2023-12-01
242,242,520,Bank Transfer,2024-08-26
243,243,720,Credit Card,2024-08-13
244,244,650,Credit Card,2024-08-16
245,245,480,Bank Transfer,2025-03-30
246,246,280,Bank Transfer,2024-03-06
247,247,100,Bank Transfer,2023-08-22
248,248,600,PayPal,2025-05-30
249,249,120,Bank Transfer,2025-02-04
250,250,490,Credit Card,2025-04-19
251,251,2200,Bank Transfer,2024-02-16
252,252,2600,Bank Transfer,2025-07-30
253,253,1000,PayPal,2024-07-05
254,254,770,Credit Card,2024-07-22
255,255,2400,Credit Card,2024-04-02
256,256,240,PayPal,2023-10-21
257,257,560,Debit Card,2024-05-18
258,258,1200,Debit Card,2025-03-10
259,259,600,Bank Transfer,2024-06-03
260,260,480,Credit Card,2025-01-07
261,261,280,Debit Card,2024-11-10
262,262,600,Debit Card,2023-09-17
263,263,280,PayPal,2023-11-21
264,264,2600,PayPal,2024-12-23
265,265,40,PayPal,2023-11-04
266,266,120,Debit Card,2025-06-24
267,267,320,Credit Card,2025-03-18
268,268,120,Bank Transfer,2025-08-03
269,269,400,Credit Card,2024-10-30
270,270,1560,Debit Card,2025-02-07
271,271,600,PayPal,2023-09-03
272,272,1200,Debit Card,2025-05-08
273,273,480,Debit Card,2023-10-24
274,274,720,Bank Transfer,2024-06-10
275,275,280,Bank Transfer,2024-05-05
276,276,2400,PayPal,2024-08-01
277,277,840,Credit Card,2024-07-07
278,278,770,Credit Card,2024-12-18
279,279,200,Debit Card,2024-01-19
280,280,800,PayPal,2025-01-14
281,281,1400,PayPal,2025-07-09
282,282,490,PayPal,2024-02-24
283,283,280,Credit Card,2024-02-13
284,284,480,Credit Card,2024-10-13
285,285,1200,PayPal,2024-09-16
286,286,400,PayPal,2025-05-23
287,287,1200,PayPal,2025-02-28
288,288,2000,Bank Transfer,2024-02-25
289,289,1320,Credit Card,2025-06-17
290,290,120,Bank Transfer,2024-09-24
291,291,120,Credit Card,2024-11-30
292,292,980,Bank Transfer,2024-11-12
293,293,1200,PayPal,2024-06-07
294,294,800,Debit Card,2023-09-13
295,295,210,Bank Transfer,2024-07-18
296,296,1080,Credit Card,2025-01-05
297,297,240,Debit Card,2025-07-03
298,298,2800,PayPal,2025-05-29
299,299,960,Debit Card,2024-12-11
300,300,480,Credit Card,2025-03-23
301,301,40,Debit Card,2025-02-09
302,302,840,Debit Card,2024-01-27
303,303,360,Bank Transfer,2024-08-02
304,304,2400,Debit Card,2024-09-07
305,305,360,Debit Card,2025-04-29
306,306,550,PayPal,2023-10-30
307,307,350,Credit Card,2023-09-15
308,308,1080,PayPal,2025-02-07
309,309,360,Debit Card,2025-04-10
310,310,280,Credit Card,2023-11-07
311,311,80,PayPal,2025-05-15
312,312,160,Credit Card,2024-07-08
313,313,980,Debit Card,2025-03-03
314,314,120,Bank Transfer,2024-07-27
315,315,320,PayPal,2025-02-25
316,316,2000,Bank Transfer,2025-03-10
317,317,320,Bank Transfer,2024-02-12
318,318,240,Bank Transfer,2024-04-08
319,319,520,Credit Card,2025-05-13
320,320,2800,PayPal,2024-11-04
321,321,1560,Debit Card,2023-11-09
322,322,1440,Bank Transfer,2025-06-08
323,323,700,Bank Transfer,2024-11-14
324,324,360,Credit Card,2025-01-07
325,325,1080,PayPal,2025-03-24
326,326,720,Credit Card,2023-09-10
327,327,250,PayPal,2024-02-10
328,328,400,Credit Card,2025-03-09
329,329,480,Bank Transfer,2025-04-05
330,330,600,Debit Card,2024-11-03
331,331,960,Credit Card,2025-03-27
332,332,630,Credit Card,2024-08-30
333,333,480,PayPal,2025-01-04
334,334,480,Bank Transfer,2024-10-06
335,335,1080,Credit Card,2024-06-08
336,336,700,Debit Card,2025-07-20
337,337,770,Bank Transfer,2023-12-12
338,338,2200,Credit Card,2023-10-08
339,339,1600,PayPal,2025-05-25
340,340,2600,Credit Card,2024-02-09
341,341,1000,PayPal,2023-12-23
342,342,490,Bank Transfer,2024-01-28
343,343,1560,Bank Transfer,2025-08-03
344,344,700,Debit Card,2024-06-18
345,345,240,Credit Card,2024-07-06
346,346,480,Bank Transfer,2024-07-15
347,347,600,PayPal,2025-07-30
348,348,1200,Bank Transfer,2024-08-29
349,349,160,PayPal,2025-02-28
350,350,120,Credit Card,2023-09-11
351,351,400,Bank Transfer,2025-01-28
352,352,280,Debit Card,2024-10-11
353,353,1000,Debit Card,2024-09-02
354,354,910,Credit Card,2025-03-14
355,355,1680,Debit Card,2025-04-21
356,356,480,Debit Card,2023-11-20
357,357,1320,PayPal,2023-10-17
358,358,1200,PayPal,2024-03-10
359,359,960,Debit Card,2025-01-20
360,360,600,Bank Transfer,2024-12-08
361,361,400,Bank Transfer,2024-11-04
362,362,1440,Bank Transfer,2024-04-05
363,363,1440,PayPal,2024-11-26
364,364,210,Credit Card,2024-10-22
365,365,360,Debit Card,2025-04-11
366,366,320,Credit Card,2025-01-01
367,367,1600,Bank Transfer,2024-05-21
368,368,1560,Bank Transfer,2023-11-02
369,369,40,PayPal,2025-07-16
370,370,630,Debit Card,2023-12-05
371,371,280,PayPal,2025-03-16
372,372,200,PayPal,2023-10-07
373,373,1000,PayPal,2024-05-07
374,374,1000,Debit Card,2024-11-13
375,375,400,Bank Transfer,2025-05-12
376,376,2000,Credit Card,2024-01-03
377,377,800,Debit Card,2025-05-13
378,378,650,Debit Card,2024-10-15
379,379,2200,Debit Card,2024-09-15
380,380,250,Credit Card,2025-01-05
381,381,280,Credit Card,2025-06-23
382,382,960,Credit Card,2025-05-21
383,383,1680,PayPal,2024-06-21
384,384,1200,Bank Transfer,2025-05-25
385,385,840,Debit Card,2023-09-21
386,386,1440,Bank Transfer,2024-01-11
387,387,400,Debit Card,2024-05-01
388,388,350,Credit Card,2023-09-21
389,389,2400,Credit Card,2024-03-19
390,390,80,Credit Card,2023-11-06
391,391,200,Debit Card,2024-04-04
392,392,600,Debit Card,2025-01-27
393,393,40,Credit Card,2024-10-05
394,394,2800,Debit Card,2024-02-12
395,395,300,Debit Card,2023-09-29
396,396,2600,PayPal,2024-10-29
397,397,1200,Bank Transfer,2025-04-30
398,398,550,Credit Card,2025-06-26
399,399,320,Credit Card,2024-03-09
400,400,120,Bank Transfer,2025-02-14
401,401,400,Credit Card,2024-02-05
402,402,2000,Bank Transfer,2024-12-13
403,403,490,Bank Transfer,2024-11-24
404,404,480,PayPal,2025-02-07
405,405,360,Debit Card,2025-05-31
406,406,1000,Bank Transfer,2025-03-25
407,407,40,PayPal,2024-11-03
408,408,350,PayPal,2025-07-19
409,409,2200,PayPal,2025-04-11
410,410,200,PayPal,2024-05-05
411,411,350,Debit Card,2024-10-21
412,412,400,Credit Card,2024-11-16
413,413,600,PayPal,2025-01-08
414,414,840,Debit Card,2025-04-14
415,415,40,Bank Transfer,2023-08-25
416,416,480,PayPal,2024-02-12
417,417,600,Credit Card,2025-05-09
418,418,350,Debit Card,2024-11-06
419,419,120,PayPal,2023-12-29
420,420,1320,Bank Transfer,2024-03-30
421,421,1200,Debit Card,2025-03-05
422,422,440,Debit Card,2025-01-05
423,423,40,Bank Transfer,2023-11-03
424,424,560,Credit Card,2024-12-12
425,425,200,PayPal,2024-10-05
426,426,2200,PayPal,2024-02-17
427,427,200,Debit Card,2024-03-05
428,428,490,PayPal,2023-09-30
429,429,280,Debit Card,2024-03-21
430,430,120,Bank Transfer,2025-06-20
431,431,240,Debit Card,2025-06-08
432,432,1400,PayPal,2025-08-08
433,433,840,Debit Card,2025-01-12
434,434,1440,PayPal,2024-10-01
435,435,480,Debit Card,2024-04-09
436,436,360,Bank Transfer,2023-10-03
437,437,770,PayPal,2024-03-17
438,438,1400,Credit Card,2025-04-03
439,439,1320,Credit Card,2025-06-09
440,440,1600,Credit Card,2025-07-21
441,441,40,Bank Transfer,2024-10-05
442,442,350,Debit Card,2024-09-27
443,443,1400,Debit Card,2023-11-01
444,444,1320,Debit Card,2023-09-09
445,445,600,Debit Card,2025-02-12
446,446,360,Bank Transfer,2024-01-16
447,447,400,Bank Transfer,2024-02-18
448,448,960,PayPal,2025-05-09
449,449,1080,Debit Card,2025-02-02
450,450,40,PayPal,2024-09-19
451,451,600,Debit Card,2023-11-16
452,452,550,Debit Card,2025-06-12
453,453,250,Credit Card,2023-08-16
454,454,2400,Debit Card,2023-10-25
455,455,720,Credit Card,2024-04-02
456,456,1200,Credit Card,2025-04-11
457,457,40,PayPal,2024-12-02
458,458,480,Bank Transfer,2023-11-25
459,459,630,Credit Card,2023-09-21
460,460,80,PayPal,2025-01-23
461,461,800,Debit Card,2025-06-15
462,462,480,Debit Card,2024-06-22
463,463,120,Credit Card,2025-04-20
464,464,280,PayPal,2024-05-09
465,465,560,PayPal,2025-06-29
466,466,120,PayPal,2023-10-20
467,467,650,PayPal,2024-03-25
468,468,150,Bank Transfer,2025-02-18
469,469,40,Debit Card,2024-02-13
470,470,80,Bank Transfer,2023-10-19
471,471,560,Debit Card,2025-08-10
472,472,840,PayPal,2025-06-27
473,473,700,Debit Card,2023-10-17
474,474,550,Debit Card,2024-12-05
475,475,480,Bank Transfer,2024-09-02
476,476,770,Bank Transfer,2024-07-15
477,477,600,Credit Card,2023-08-24
478,478,400,PayPal,2024-02-01
479,479,1200,Credit Card,2023-11-17
480,480,400,Bank Transfer,2024-08-26
481,481,700,Debit Card,2025-05-06
482,482,1400,Credit Card,2024-10-17
483,483,200,Bank Transfer,2025-07-10
484,484,600,Credit Card,2023-10-12
485,485,240,Credit Card,2023-09-01
486,486,960,PayPal,2023-08-23
487,487,600,Bank Transfer,2025-01-10
488,488,360,Debit Card,2023-12-17
489,489,1440,Debit Card,2024-05-10
490,490,700,PayPal,2024-11-15
491,491,200,PayPal,2024-10-27
492,492,800,Bank Transfer,2024-07-21
493,493,360,Credit Card,2023-11-30
494,494,250,PayPal,2024-01-21
495,495,700,Bank Transfer,2025-07-19
496,496,240,Bank Transfer,2024-11-05
497,497,240,Bank Transfer,2024-01-13
498,498,960,Debit Card,2025-01-02
499,499,770,Debit Card,2024-10-23
500,500,120,Debit Card,2023-10-06
501,501,40,PayPal,2024-07-07
502,502,320,PayPal,2023-11-26
503,503,400,Debit Card,2024-10-28
504,504,160,Credit Card,2025-02-04
505,505,550,Debit Card,2023-12-07
506,506,2000,PayPal,2024-12-23
507,507,360,Debit Card,2024-10-02
508,508,840,PayPal,2025-05-20
509,509,280,Credit Card,2024-05-21
510,510,160,Credit Card,2023-10-23
511,511,480,Bank Transfer,2024-06-22
512,512,440,Debit Card,2024-03-19
513,513,280,PayPal,2025-06-02
514,514,480,Credit Card,2024-06-06
515,515,2600,PayPal,2023-11-20
516,516,200,Bank Transfer,2023-09-08
517,517,600,Bank Transfer,2024-03-01
518,518,200,Debit Card,2023-08-30
519,519,120,Debit Card,2023-10-13
520,520,70,Debit Card,2024-09-08
521,521,70,Bank Transfer,2025-07-01
522,522,210,PayPal,2023-12-25
523,523,770,PayPal,2023-12-08
524,524,720,PayPal,2024-05-10
525,525,2600,Bank Transfer,2025-02-02
526,526,210,PayPal,2023-12-11
527,527,770,Bank Transfer,2024-01-12
528,528,480,Bank Transfer,2024-01-31
529,529,840,Bank Transfer,2025-06-12
530,530,420,Bank Transfer,2025-07-08
531,531,360,Credit Card,2025-03-23
532,532,2600,Credit Card,2024-06-21
533,533,840,Bank Transfer,2025-02-15
534,534,320,Debit Card,2023-09-30
535,535,1440,Credit Card,2023-08-15
536,536,560,Debit Card,2023-09-05
537,537,280,PayPal,2024-09-30
538,538,250,PayPal,2024-02-26
539,539,210,Debit Card,2024-10-01
540,540,500,Bank Transfer,2025-06-26
541,541,840,Credit Card,2025-01-30
542,542,1080,Credit Card,2024-02-12
543,543,320,Debit Card,2024-02-18
544,544,2600,Bank Transfer,2024-05-15
545,545,840,Bank Transfer,2024-01-20
546,546,240,PayPal,2023-10-16
547,547,420,Debit Card,2024-04-05
548,548,160,Credit Card,2025-08-05
549,549,150,Credit Card,2023-12-31
550,550,720,PayPal,2024-06-16
551,551,560,Credit Card,2024-12-01
552,552,840,Debit Card,2024-02-19
553,553,280,Debit Card,2024-04-06
554,554,360,Debit Card,2025-02-03
555,555,400,Debit Card,2024-02-22
556,556,2200,PayPal,2024-10-01
557,557,440,Debit Card,2023-12-07
558,558,2000,Credit Card,2024-02-05
559,559,1680,Debit Card,2025-07-09
560,560,600,Credit Card,2025-02-15
561,561,2400,Credit Card,2023-11-11
562,562,400,PayPal,2025-02-20
563,563,960,Bank Transfer,2024-08-12
564,564,160,Debit Card,2024-09-11
565,565,400,Credit Card,2023-12-18
566,566,800,Debit Card,2024-09-24
567,567,840,Debit Card,2024-10-19
568,568,350,PayPal,2023-12-23
569,569,560,Bank Transfer,2025-04-30
570,570,400,Credit Card,2023-11-01
571,571,1440,PayPal,2024-12-24
572,572,980,Credit Card,2025-03-17
573,573,2200,Debit Card,2023-09-03
574,574,420,Credit Card,2023-11-11
575,575,1000,Debit Card,2023-10-11
576,576,840,Credit Card,2025-03-01
577,577,980,PayPal,2024-02-08
578,578,2400,PayPal,2025-01-23
579,579,80,Debit Card,2024-01-27
580,580,70,Debit Card,2025-02-21
581,581,160,Debit Card,2025-04-08
582,582,1400,PayPal,2024-01-15
583,583,420,Credit Card,2025-01-19
584,584,960,Debit Card,2024-10-04
585,585,2200,Bank Transfer,2025-08-14
586,586,720,Credit Card,2024-01-14
587,587,120,PayPal,2025-08-02
588,588,2000,Bank Transfer,2025-05-14
589,589,440,Debit Card,2025-05-01
590,590,1200,Bank Transfer,2023-10-20
591,591,630,Debit Card,2024-12-01
592,592,210,Credit Card,2025-01-30
593,593,800,Debit Card,2024-11-28
594,594,600,Debit Card,2025-02-15
595,595,720,Debit Card,2025-04-28
596,596,150,PayPal,2023-10-06
597,597,480,Bank Transfer,2023-09-03
598,598,1200,Debit Card,2025-08-05
599,599,1080,Credit Card,2024-08-18
600,600,1400,Credit Card,2024-05-01
601,601,840,Credit Card,2023-12-10
602,602,840,Credit Card,2024-03-19
603,603,1200,Debit Card,2024-09-21
604,604,480,Credit Card,2024-12-09
605,605,1600,PayPal,2025-03-08
606,606,2400,Bank Transfer,2024-11-21
607,607,1680,Debit Card,2023-10-19
608,608,400,Credit Card,2025-04-05
609,609,840,Bank Transfer,2023-10-29
610,610,160,PayPal,2024-12-26
611,611,840,PayPal,2023-08-22
612,612,2800,Debit Card,2024-08-12
613,613,250,Credit Card,2025-03-29
614,614,960,Bank Transfer,2025-02-12
615,615,400,Bank Transfer,2025-06-14
616,616,160,PayPal,2024-06-06
617,617,200,Bank Transfer,2025-02-12
618,618,320,PayPal,2024-08-11
619,619,1200,Credit Card,2023-08-30
620,620,360,Bank Transfer,2024-07-21
621,621,40,Bank Transfer,2024-10-10
622,622,1000,Bank Transfer,2024-08-11
623,623,360,PayPal,2024-03-02
624,624,2000,Credit Card,2024-01-02
625,625,720,Debit Card,2025-03-10
626,626,800,Credit Card,2024-10-23
627,627,300,Debit Card,2025-03-27
628,628,1400,PayPal,2024-03-06
629,629,70,Bank Transfer,2024-05-30
630,630,1560,Credit Card,2024-05-06
631,631,1200,Credit Card,2024-03-23
632,632,2800,Debit Card,2024-07-09
633,633,1200,PayPal,2024-05-10
634,634,600,PayPal,2024-10-15
635,635,1560,Debit Card,2025-06-01
636,636,2000,Debit Card,2024-11-08
637,637,980,Debit Card,2023-09-21
638,638,1000,Credit Card,2024-12-13
639,639,840,Bank Transfer,2023-09-19
640,640,630,Bank Transfer,2024-12-28
641,641,560,Credit Card,2024-09-24
642,642,2800,Debit Card,2025-04-18
643,643,1080,Debit Card,2024-05-28
644,644,210,PayPal,2023-10-21
645,645,1080,PayPal,2023-11-24
646,646,200,Bank Transfer,2025-06-05
647,647,2400,Debit Card,2023-10-30
648,648,600,PayPal,2025-04-28
649,649,40,PayPal,2025-05-21
650,650,160,Bank Transfer,2024-01-02
651,651,600,Bank Transfer,2025-04-19
652,652,200,Credit Card,2024-04-06
653,653,1800,Credit Card,2024-08-16
654,654,210,Debit Card,2025-01-18
655,655,560,Debit Card,2023-08-16
656,656,100,Credit Card,2025-06-26
657,657,2800,Bank Transfer,2024-04-27
658,658,300,PayPal,2023-09-15
659,659,700,Bank Transfer,2025-05-14
660,660,80,PayPal,2023-12-26
661,661,210,PayPal,2024-01-12
662,662,1600,Bank Transfer,2023-08-31
663,663,480,Bank Transfer,2024-10-11
664,664,120,Bank Transfer,2025-07-17
665,665,1000,Credit Card,2024-12-29
666,666,600,Debit Card,2024-11-12
667,667,360,Bank Transfer,2024-01-07
668,668,400,PayPal,2023-08-20
669,669,400,PayPal,2024-03-12
670,670,840,Credit Card,2025-05-23
671,671,520,PayPal,2024-03-19
672,672,2600,Bank Transfer,2024-08-21
673,673,480,Debit Card,2024-09-16
674,674,1440,Debit Card,2024-09-16
675,675,210,PayPal,2024-11-17
676,676,320,PayPal,2024-10-27
677,677,250,Debit Card,2025-02-12
678,678,50,Bank Transfer,2024-02-23
679,679,40,Debit Card,2024-07-10
680,680,450,Bank Transfer,2024-12-13
681,681,140,Credit Card,2024-06-20
682,682,1800,PayPal,2025-04-24
683,683,1320,Debit Card,2023-10-18
684,684,400,Credit Card,2023-08-26
685,685,440,Debit Card,2025-08-06
686,686,200,PayPal,2025-01-27
687,687,910,Bank Transfer,2024-05-24
688,688,1680,Debit Card,2024-08-08
689,689,1600,Credit Card,2024-01-22
690,690,400,PayPal,2024-06-02
691,691,560,Bank Transfer,2025-05-13
692,692,1600,Bank Transfer,2025-06-07
693,693,400,PayPal,2024-09-09
694,694,300,Credit Card,2025-02-09
695,695,490,Credit Card,2024-10-03
696,696,550,Debit Card,2025-03-02
697,697,360,Credit Card,2023-08-24
698,698,1200,Bank Transfer,2023-10-17
699,699,160,Credit Card,2024-08-12
700,700,400,Bank Transfer,2024-09-01
701,701,490,Credit Card,2025-01-30
702,702,2400,Debit Card,2024-11-09
703,703,600,Debit Card,2024-06-10
704,704,1400,Credit Card,2024-05-15
705,705,560,Debit Card,2024-08-08
706,706,720,PayPal,2025-05-05
707,707,480,Bank Transfer,2024-11-06
708,708,910,PayPal,2025-07-09
709,709,560,Credit Card,2023-10-22
710,710,800,PayPal,2025-05-14
711,711,440,PayPal,2023-09-20
712,712,1400,Credit Card,2024-08-06
713,713,80,PayPal,2024-10-04
714,714,200,Bank Transfer,2025-01-16
715,715,2400,Credit Card,2024-05-06
716,716,200,Credit Card,2024-05-17
717,717,840,Credit Card,2024-07-24
718,718,150,PayPal,2024-03-06
719,719,80,Credit Card,2024-07-28
720,720,250,Bank Transfer,2024-09-18
721,721,1680,Credit Card,2025-01-27
722,722,280,PayPal,2025-01-04
723,723,400,PayPal,2023-08-25
724,724,400,Credit Card,2023-09-30
725,725,630,Bank Transfer,2025-02-09
726,726,120,Credit Card,2024-05-29
727,727,2000,Credit Card,2023-12-26
728,728,100,Debit Card,2023-09-14
729,729,320,Bank Transfer,2024-08-23
730,730,70,PayPal,2025-04-09
731,731,1440,Debit Card,2025-04-28
732,732,360,Bank Transfer,2023-08-29
733,733,1440,Credit Card,2025-07-31
734,734,160,Bank Transfer,2025-07-27
735,735,1000,PayPal,2024-11-08
736,736,1000,PayPal,2024-06-28
737,737,600,Bank Transfer,2024-01-05
738,738,840,Bank Transfer,2025-04-04
739,739,560,Credit Card,2025-03-21
740,740,560,Bank Transfer,2025-06-20
741,741,560,Debit Card,2025-01-21
742,742,480,Credit Card,2024-04-14
743,743,1080,PayPal,2024-07-30
744,744,600,Credit Card,2025-05-25
745,745,840,Credit Card,2024-07-19
746,746,2200,PayPal,2024-07-07
747,747,1560,Debit Card,2024-03-21
748,748,200,Debit Card,2024-01-17
749,749,490,Credit Card,2025-02-25
750,750,480,Credit Card,2024-04-18
751,751,1680,Debit Card,2024-11-22
752,752,700,Bank Transfer,2024-05-05
753,753,1000,Credit Card,2025-03-18
754,754,490,Debit Card,2025-07-21
755,755,1600,Bank Transfer,2023-10-28
756,756,700,PayPal,2024-03-13
757,757,800,Credit Card,2024-11-02
758,758,200,PayPal,2024-08-17
759,759,1440,Debit Card,2025-03-05
760,760,840,PayPal,2025-02-21
761,761,300,Debit Card,2024-03-21
762,762,1200,Bank Transfer,2024-07-09
763,763,40,PayPal,2024-12-14
764,764,2000,Credit Card,2024-12-17
765,765,120,Bank Transfer,2025-04-19
766,766,980,Credit Card,2023-09-11
767,767,2800,PayPal,2025-07-28
768,768,40,Credit Card,2024-10-28
769,769,120,Credit Card,2024-07-23
770,770,500,PayPal,2025-05-03
771,771,700,Credit Card,2023-10-05
772,772,400,Bank Transfer,2024-12-10
773,773,120,Credit Card,2024-12-31
774,774,240,Debit Card,2025-06-26
775,775,840,Debit Card,2024-02-24
776,776,240,Debit Card,2025-07-07
777,777,600,PayPal,2024-12-30
778,778,400,Credit Card,2024-06-10
779,779,280,Bank Transfer,2025-02-14
780,780,980,PayPal,2024-08-13
781,781,490,Bank Transfer,2024-12-12
782,782,2800,Credit Card,2023-10-11
783,783,160,Bank Transfer,2024-01-06
784,784,400,Debit Card,2024-03-07
785,785,1800,Credit Card,2024-10-09
786,786,280,Bank Transfer,2023-09-14
787,787,120,Bank Transfer,2023-08-19
788,788,320,Credit Card,2024-06-29
789,789,1440,Credit Card,2023-12-10
790,790,960,Debit Card,2025-05-10
791,791,420,Bank Transfer,2025-06-30
792,792,320,Debit Card,2024-03-17
793,793,2000,Debit Card,2024-05-28
794,794,700,Debit Card,2025-04-17
795,795,1320,PayPal,2023-12-13
796,796,980,PayPal,2023-09-20
797,797,70,Bank Transfer,2024-11-14
798,798,1320,Bank Transfer,2023-09-10
799,799,320,Bank Transfer,2024-08-28
800,800,2400,Credit Card,2024-12-04
801,801,400,Credit Card,2024-01-19
802,802,120,Bank Transfer,2024-07-04
803,803,250,Bank Transfer,2023-12-24
804,804,120,Debit Card,2023-08-18
805,805,1560,Debit Card,2023-12-01
806,806,1440,Credit Card,2024-09-23
807,807,910,Bank Transfer,2024-08-05
808,808,480,Credit Card,2025-04-24
809,809,490,Debit Card,2024-04-02
810,810,210,Debit Card,2023-11-19
811,811,360,PayPal,2025-06-19
812,812,1200,Credit Card,2023-12-29
813,813,960,Bank Transfer,2025-03-14
814,814,450,Debit Card,2024-07-05
815,815,720,Debit Card,2024-03-17
816,816,400,PayPal,2024-01-10
817,817,840,Bank Transfer,2024-06-15
818,818,910,Bank Transfer,2025-02-14
819,819,120,Debit Card,2024-07-30
820,820,360,Debit Card,2025-06-24
821,821,70,Credit Card,2024-10-25
822,822,2200,PayPal,2024-01-07
823,823,80,PayPal,2025-05-11
824,824,500,Bank Transfer,2025-02-01
825,825,160,Debit Card,2024-08-01
826,826,200,Debit Card,2023-10-12
827,827,2600,Debit Card,2023-08-27
828,828,1000,PayPal,2024-10-06
829,829,400,Debit Card,2023-09-01
830,830,1320,Bank Transfer,2023-12-05
831,831,840,Credit Card,2024-08-09
832,832,2000,Credit Card,2024-01-16
833,833,200,PayPal,2024-06-25
834,834,630,Bank Transfer,2024-02-23
835,835,960,Debit Card,2023-08-28
836,836,40,Bank Transfer,2023-10-07
837,837,120,Credit Card,2025-04-01
838,838,40,Debit Card,2025-02-15
839,839,1000,Debit Card,2024-05-20
840,840,120,Credit Card,2025-07-18
841,841,140,PayPal,2024-08-10
842,842,650,Debit Card,2024-01-07
843,843,250,Bank Transfer,2024-12-18
844,844,1080,Bank Transfer,2024-10-11
845,845,1680,Bank Transfer,2024-06-04
846,846,200,Credit Card,2023-08-22
847,847,350,Credit Card,2024-04-23
848,848,480,Bank Transfer,2025-01-09
849,849,700,Credit Card,2025-02-01
850,850,560,Debit Card,2024-03-06
851,851,1000,Debit Card,2024-05-14
852,852,910,PayPal,2024-01-05
853,853,1680,Credit Card,2023-10-28
854,854,120,Debit Card,2024-07-21
855,855,480,PayPal,2024-05-04
856,856,40,Bank Transfer,2024-07-01
857,857,210,Credit Card,2024-05-06
858,858,480,PayPal,2024-10-18
859,859,490,Credit Card,2024-01-30
860,860,1560,PayPal,2023-11-13
861,861,440,PayPal,2024-02-02
862,862,1080,Credit Card,2023-11-13
863,863,630,Bank Transfer,2024-10-31
864,864,520,Bank Transfer,2023-10-16
865,865,800,Bank Transfer,2025-03-19
866,866,120,Bank Transfer,2025-03-09
867,867,600,Bank Transfer,2024-10-06
868,868,120,Credit Card,2025-04-04
869,869,1600,Credit Card,2024-06-28
870,870,720,Debit Card,2025-03-02
871,871,2400,Credit Card,2024-07-23
872,872,1400,Bank Transfer,2025-03-05
873,873,200,PayPal,2025-02-16
874,874,400,Credit Card,2024-09-12
875,875,70,PayPal,2025-02-27
876,876,300,Debit Card,2023-12-02
877,877,2200,Bank Transfer,2024-11-24
878,878,600,Credit Card,2024-08-09
879,879,160,Debit Card,2024-01-24
880,880,350,PayPal,2024-02-03
881,881,560,PayPal,2024-08-29
882,882,240,PayPal,2024-02-26
883,883,630,Debit Card,2025-07-02
884,884,100,Debit Card,2025-04-07
885,885,50,Credit Card,2025-08-07
886,886,1000,Debit Card,2024-11-14
887,887,1680,Bank Transfer,2025-08-01
888,888,80,PayPal,2024-02-06
889,889,280,PayPal,2025-06-20
890,890,1560,Debit Card,2023-12-31
891,891,2200,Credit Card,2024-06-01
892,892,80,Credit Card,2023-10-16
893,893,1560,Bank Transfer,2025-01-01
894,894,100,Debit Card,2024-08-20
895,895,420,PayPal,2024-05-30
896,896,360,PayPal,2023-09-14
897,897,120,Credit Card,2024-11-03
898,898,1800,Debit Card,2025-05-08
899,899,420,Credit Card,2024-10-23
900,900,600,Credit Card,2024-09-26
901,901,360,Debit Card,2024-11-19
902,902,1080,PayPal,2024-12-08
903,903,980,PayPal,2024-12-31
904,904,240,Debit Card,2024-04-06
905,905,500,Bank Transfer,2025-02-07
906,906,960,PayPal,2023-11-06
907,907,1560,PayPal,2024-08-12
908,908,1200,Debit Card,2024-02-23
909,909,2000,Credit Card,2023-09-07
910,910,200,PayPal,2024-05-10
911,911,240,Debit Card,2024-09-02
912,912,960,PayPal,2024-10-11
913,913,360,Credit Card,2025-07-22
914,914,120,Debit Card,2024-04-16
915,915,960,Bank Transfer,2025-03-16
916,916,800,Bank Transfer,2024-05-05
917,917,300,PayPal,2024-08-11
918,918,480,Credit Card,2025-03-20
919,919,600,Debit Card,2025-07-30
920,920,1400,Credit Card,2024-11-07
921,921,320,Bank Transfer,2025-06-06
922,922,800,Debit Card,2025-02-18
923,923,700,Credit Card,2025-03-03
924,924,700,PayPal,2023-09-04
925,925,360,Credit Card,2023-12-08
926,926,560,PayPal,2025-05-18
927,927,2600,Bank Transfer,2024-12-20
928,928,350,Credit Card,2024-12-13
929,929,160,PayPal,2024-05-25
930,930,1320,PayPal,2023-12-17
931,931,560,Debit Card,2024-10-23
932,932,650,Credit Card,2024-07-19
933,933,1000,Debit Card,2023-08-18
934,934,910,PayPal,2024-10-07
935,935,1320,Bank Transfer,2025-03-14
936,936,2400,Bank Transfer,2023-11-06
937,937,800,Debit Card,2023-11-26
938,938,560,Debit Card,2024-12-01
939,939,720,Debit Card,2024-12-19
940,940,1320,Debit Card,2025-04-19
941,941,350,PayPal,2024-05-24
942,942,140,Credit Card,2024-04-02
943,943,200,PayPal,2023-09-03
944,944,600,PayPal,2025-02-20
945,945,840,Bank Transfer,2024-05-21
946,946,560,Credit Card,2024-12-05
947,947,1600,PayPal,2024-03-08
948,948,800,PayPal,2024-03-11
949,949,2200,Bank Transfer,2024-08-10
950,950,200,Credit Card,2025-07-13
951,951,280,Debit Card,2024-04-02
952,952,400,Debit Card,2024-09-24
953,953,560,Debit Card,2024-12-07
954,954,360,Bank Transfer,2024-10-28
955,955,2200,PayPal,2023-09-08
956,956,630,Debit Card,2024-09-10
957,957,160,Bank Transfer,2024-04-28
958,958,800,PayPal,2025-04-22
959,959,770,Bank Transfer,2023-09-22
960,960,1080,Credit Card,2025-06-09
961,961,350,Bank Transfer,2025-07-12
962,962,120,Bank Transfer,2023-12-15
963,963,840,Debit Card,2023-12-03
964,964,1800,Credit Card,2024-11-02
965,965,1080,Debit Card,2024-08-31
966,966,1680,Bank Transfer,2025-06-20
967,967,720,Debit Card,2023-09-05
968,968,400,Debit Card,2025-02-16
969,969,360,PayPal,2025-04-27
970,970,140,PayPal,2025-01-31
971,971,350,Debit Card,2024-06-01
972,972,1320,Debit Card,2024-02-07
973,973,490,Credit Card,2025-02-02
974,974,360,Credit Card,2024-09-05
975,975,120,Credit Card,2025-03-23
976,976,1800,Bank Transfer,2024-10-20
977,977,440,Bank Transfer,2023-11-04
978,978,1560,PayPal,2025-08-13
979,979,910,PayPal,2024-12-20
980,980,280,Debit Card,2025-07-05
981,981,200,Bank Transfer,2023-08-30
982,982,280,Debit Card,2024-01-14
983,983,520,Debit Card,2023-10-11
984,984,210,Bank Transfer,2024-05-27
985,985,320,Debit Card,2024-08-28
986,986,200,PayPal,2024-02-06
987,987,360,Credit Card,2023-08-24
988,988,240,PayPal,2024-09-03
989,989,200,PayPal,2023-12-12
990,990,240,Bank Transfer,2024-07-23
991,991,280,Credit Card,2024-11-25
992,992,210,Bank Transfer,2024-03-02
993,993,1000,Bank Transfer,2024-06-15
994,994,450,Credit Card,2025-03-27
995,995,1000,Debit Card,2023-10-28
996,996,560,Debit Card,2024-07-09
997,997,400,PayPal,2024-12-24
998,998,160,Credit Card,2024-05-23
999,999,400,Bank Transfer,2024-11-06
1000,1000,80,Credit Card,2024-12-04
1001,1001,910,Bank Transfer,2024-06-23
1002,1002,350,PayPal,2024-12-09
1003,1003,360,PayPal,2025-04-23
1004,1004,650,Debit Card,2023-11-08
1005,1005,910,Bank Transfer,2025-08-04
1006,1006,300,Credit Card,2024-05-03
1007,1007,630,Debit Card,2024-03-02
1008,1008,630,Debit Card,2024-10-14
1009,1009,1680,PayPal,2025-06-06
1010,1010,1320,Credit Card,2024-07-10
1011,1011,1800,Credit Card,2023-09-25
1012,1012,910,PayPal,2024-07-13
1013,1013,980,Credit Card,2025-05-24
1014,1014,560,Debit Card,2024-11-01
1015,1015,440,Debit Card,2025-05-08
1016,1016,2200,Bank Transfer,2024-06-09
1017,1017,960,PayPal,2025-07-28
1018,1018,40,PayPal,2024-11-03
1019,1019,1200,Debit Card,2023-08-17
1020,1020,1200,PayPal,2024-09-30
1021,1021,1200,Bank Transfer,2023-09-20
1022,1022,200,Debit Card,2024-06-21
1023,1023,980,Bank Transfer,2023-10-28
1024,1024,360,PayPal,2024-12-18
1025,1025,800,Credit Card,2025-05-18
1026,1026,240,Debit Card,2024-03-30
1027,1027,400,Bank Transfer,2024-09-28
1028,1028,720,Credit Card,2023-10-16
1029,1029,480,Credit Card,2024-10-21
1030,1030,400,PayPal,2025-06-13
1031,1031,350,Debit Card,2025-04-25
1032,1032,40,PayPal,2025-04-20
1033,1033,910,PayPal,2024-10-15
1034,1034,1600,Credit Card,2025-04-15
1035,1035,700,Bank Transfer,2024-08-28
1036,1036,2200,Credit Card,2025-04-08
1037,1037,1680,PayPal,2025-02-25
1038,1038,980,Credit Card,2023-12-17
1039,1039,2400,Debit Card,2024-07-13
1040,1040,560,Debit Card,2023-10-05
1041,1041,1800,Bank Transfer,2024-03-21
1042,1042,1600,Bank Transfer,2025-03-28
1043,1043,1200,Credit Card,2024-05-25
1044,1044,1600,Credit Card,2024-07-31
1045,1045,480,Debit Card,2023-09-21
1046,1046,300,Credit Card,2023-11-23
1047,1047,480,Debit Card,2024-03-27
1048,1048,480,PayPal,2025-06-30
1049,1049,350,PayPal,2025-01-06
1050,1050,720,Debit Card,2023-10-09
1051,1051,1600,Debit Card,2025-07-06
1052,1052,650,Credit Card,2025-01-08
1053,1053,440,PayPal,2024-05-30
1054,1054,70,Credit Card,2023-10-22
1055,1055,1200,PayPal,2024-06-30
1056,1056,1440,Credit Card,2024-05-11
1057,1057,360,Credit Card,2025-04-24
1058,1058,160,PayPal,2024-02-26
1059,1059,480,PayPal,2025-08-08
1060,1060,140,Credit Card,2024-09-10
1061,1061,2400,Credit Card,2025-07-13
1062,1062,1200,Bank Transfer,2023-12-30
1063,1063,720,Credit Card,2025-07-13
1064,1064,770,PayPal,2024-02-05
1065,1065,2000,PayPal,2024-12-21
1066,1066,320,Bank Transfer,2024-06-02
1067,1067,1200,Bank Transfer,2024-01-22
1068,1068,480,Credit Card,2025-01-06
1069,1069,80,Debit Card,2025-02-28
1070,1070,1320,Bank Transfer,2025-06-05
1071,1071,1440,Credit Card,2024-10-20
1072,1072,770,Bank Transfer,2024-04-12
1073,1073,210,Credit Card,2025-07-16
1074,1074,1000,Credit Card,2024-01-14
1075,1075,1000,Credit Card,2024-12-11
1076,1076,480,Bank Transfer,2024-09-15
1077,1077,200,Debit Card,2024-03-23
1078,1078,2200,Bank Transfer,2024-07-15
1079,1079,560,Debit Card,2024-12-21
1080,1080,440,Bank Transfer,2024-01-04
1081,1081,200,Bank Transfer,2023-12-30
1082,1082,480,Bank Transfer,2024-03-15
1083,1083,840,PayPal,2024-07-04
1084,1084,1600,Credit Card,2025-06-30
1085,1085,1000,PayPal,2024-12-17
1086,1086,600,Bank Transfer,2023-10-11
1087,1087,2600,PayPal,2023-11-08
1088,1088,700,Credit Card,2025-04-18
1089,1089,1440,Credit Card,2024-05-31
1090,1090,80,PayPal,2024-06-26
1091,1091,630,PayPal,2023-09-17
1092,1092,700,Debit Card,2024-10-15
1093,1093,140,Bank Transfer,2023-08-25
1094,1094,1200,PayPal,2024-11-25
1095,1095,600,Debit Card,2024-07-04
1096,1096,1080,PayPal,2024-06-26
1097,1097,350,Debit Card,2025-03-26
1098,1098,300,Credit Card,2023-10-04
1099,1099,520,Credit Card,2025-08-09
1100,1100,400,Credit Card,2023-11-17
1101,1101,450,Debit Card,2024-11-28
1102,1102,960,PayPal,2025-04-30
1103,1103,650,Bank Transfer,2024-06-13
1104,1104,2600,Bank Transfer,2024-09-11
1105,1105,450,Credit Card,2023-11-20
1106,1106,1200,Bank Transfer,2025-07-06
1107,1107,1200,Debit Card,2025-03-24
1108,1108,770,PayPal,2023-09-14
1109,1109,840,Credit Card,2024-01-27
1110,1110,1200,PayPal,2024-01-29
1111,1111,520,PayPal,2025-03-08
1112,1112,120,Debit Card,2024-11-17
1113,1113,160,Bank Transfer,2024-11-27
1114,1114,440,Bank Transfer,2023-09-13
1115,1115,480,Bank Transfer,2023-11-13
1116,1116,2600,PayPal,2024-12-31
1117,1117,2200,Bank Transfer,2023-10-21
1118,1118,40,Bank Transfer,2023-11-14
1119,1119,1200,Bank Transfer,2024-07-15
1120,1120,560,Credit Card,2023-08-15
1121,1121,320,Bank Transfer,2023-12-23
1122,1122,2400,Credit Card,2024-07-21
1123,1123,150,Bank Transfer,2023-12-10
1124,1124,200,Credit Card,2025-02-27
1125,1125,140,Debit Card,2025-03-08
1126,1126,140,Credit Card,2025-05-17
1127,1127,550,Credit Card,2024-11-12
1128,1128,70,Bank Transfer,2024-01-01
1129,1129,2600,Bank Transfer,2024-09-14
1130,1130,1560,PayPal,2024-07-16
1131,1131,80,Debit Card,2025-06-02
1132,1132,150,Debit Card,2023-11-01
1133,1133,2800,Bank Transfer,2025-05-03
1134,1134,400,Debit Card,2024-11-26
1135,1135,650,Credit Card,2023-11-25
1136,1136,210,Bank Transfer,2024-02-15
1137,1137,360,Bank Transfer,2024-09-01
1138,1138,240,Debit Card,2025-07-03
1139,1139,480,PayPal,2024-05-23
1140,1140,360,Bank Transfer,2023-10-04
1141,1141,250,Bank Transfer,2024-08-01
1142,1142,1200,Bank Transfer,2023-11-29
1143,1143,240,Bank Transfer,2023-12-25
1144,1144,210,PayPal,2024-05-05
1145,1145,450,PayPal,2025-04-04
1146,1146,720,Credit Card,2024-08-22
1147,1147,440,PayPal,2025-03-16
1148,1148,280,Credit Card,2024-07-05
1149,1149,120,Debit Card,2024-04-11
1150,1150,40,PayPal,2024-05-28
1151,1151,70,Bank Transfer,2025-05-04
1152,1152,360,Credit Card,2024-06-08
1153,1153,80,Debit Card,2024-10-23
1154,1154,200,Debit Card,2025-05-07
1155,1155,40,Bank Transfer,2025-01-25
1156,1156,720,Bank Transfer,2025-04-06
1157,1157,360,Debit Card,2024-04-14
1158,1158,630,Bank Transfer,2023-12-17
1159,1159,910,Credit Card,2024-03-03
1160,1160,1080,PayPal,2025-07-27
1161,1161,1600,Credit Card,2023-08-23
1162,1162,840,PayPal,2024-10-18
1163,1163,200,Bank Transfer,2023-11-19
1164,1164,1200,Credit Card,2023-12-21
1165,1165,840,PayPal,2024-10-23
1166,1166,320,Debit Card,2025-05-21
1167,1167,600,Debit Card,2024-10-18
1168,1168,840,Debit Card,2025-04-11
1169,1169,100,Bank Transfer,2024-01-18
1170,1170,2000,PayPal,2023-11-09
1171,1171,600,PayPal,2025-06-10
1172,1172,2200,Credit Card,2024-11-11
1173,1173,960,Credit Card,2024-07-14
1174,1174,80,Bank Transfer,2025-03-22
1175,1175,1200,Debit Card,2025-07-03
1176,1176,600,Debit Card,2025-05-13
1177,1177,120,Bank Transfer,2023-09-22
1178,1178,840,PayPal,2025-01-02
1179,1179,560,PayPal,2024-01-20
1180,1180,420,PayPal,2024-03-24
1181,1181,440,Credit Card,2023-12-19
1182,1182,770,Bank Transfer,2024-04-22
1183,1183,770,Credit Card,2025-07-07
1184,1184,1080,Bank Transfer,2024-09-11
1185,1185,800,Bank Transfer,2024-04-19
1186,1186,1200,Bank Transfer,2024-03-23
1187,1187,1080,PayPal,2024-10-25
1188,1188,200,Credit Card,2024-02-19
1189,1189,120,Bank Transfer,2025-03-15
1190,1190,360,Debit Card,2024-09-10
1191,1191,400,Credit Card,2025-03-10
1192,1192,1680,Debit Card,2025-05-13
1193,1193,1440,PayPal,2025-05-11
1194,1194,1800,Debit Card,2024-12-04
1195,1195,2400,Credit Card,2024-09-27
1196,1196,840,Bank Transfer,2024-09-20
1197,1197,280,Bank Transfer,2024-09-26
1198,1198,1200,Bank Transfer,2024-12-21
1199,1199,1080,Debit Card,2025-05-19
1200,1200,1080,Debit Card,2025-02-17
1201,1201,720,PayPal,2024-12-19
1202,1202,480,Debit Card,2025-07-16
1203,1203,160,Bank Transfer,2024-11-22
1204,1204,2800,PayPal,2024-09-03
1205,1205,1080,Debit Card,2023-09-27
1206,1206,200,PayPal,2023-10-14
1207,1207,40,Bank Transfer,2024-06-10
1208,1208,400,Credit Card,2025-08-07
1209,1209,50,Bank Transfer,2024-01-24
1210,1210,1320,Bank Transfer,2025-06-11
1211,1211,160,Bank Transfer,2023-08-23
1212,1212,560,Credit Card,2023-12-15
1213,1213,560,Bank Transfer,2025-05-03
1214,1214,2000,PayPal,2024-12-28
1215,1215,400,PayPal,2024-02-01
1216,1216,770,Credit Card,2024-04-18
1217,1217,1400,Bank Transfer,2025-07-15
1218,1218,2200,Credit Card,2024-07-28
1219,1219,200,Debit Card,2025-04-11
1220,1220,2600,Debit Card,2024-05-13
1221,1221,1200,Bank Transfer,2023-09-02
1222,1222,520,Bank Transfer,2023-11-29
1223,1223,2200,Debit Card,2025-02-20
1224,1224,120,Bank Transfer,2025-07-30
1225,1225,280,Credit Card,2024-03-10
1226,1226,720,Credit Card,2023-11-14
1227,1227,280,Credit Card,2024-02-17
1228,1228,240,Debit Card,2025-02-10
1229,1229,490,Credit Card,2025-04-22
1230,1230,360,Bank Transfer,2024-03-14
1231,1231,1600,Debit Card,2023-09-19
1232,1232,280,PayPal,2025-05-02
1233,1233,40,PayPal,2025-06-18
1234,1234,550,Credit Card,2024-05-31
1235,1235,280,PayPal,2024-12-02
1236,1236,910,Debit Card,2024-01-30
1237,1237,1400,Debit Card,2024-12-30
1238,1238,980,Credit Card,2025-01-30
1239,1239,490,Debit Card,2025-06-07
1240,1240,2600,PayPal,2024-10-22
1241,1241,50,Bank Transfer,2024-01-07
1242,1242,2400,PayPal,2025-03-10
1243,1243,200,Debit Card,2024-11-28
1244,1244,280,PayPal,2024-07-18
1245,1245,100,Bank Transfer,2024-10-19
1246,1246,1400,Credit Card,2024-11-17
1247,1247,600,Credit Card,2024-04-04
1248,1248,630,Bank Transfer,2024-04-09
1249,1249,480,Credit Card,2024-11-19
1250,1250,300,PayPal,2024-03-29
1251,1251,980,Bank Transfer,2024-05-21
1252,1252,480,Debit Card,2025-07-11
1253,1253,200,Credit Card,2025-03-19
1254,1254,440,PayPal,2025-08-11
1255,1255,910,Debit Card,2024-07-23
1256,1256,280,Debit Card,2025-01-25
1257,1257,1800,Credit Card,2024-08-16
1258,1258,140,Credit Card,2024-05-19
1259,1259,1000,Credit Card,2023-12-30
1260,1260,250,Debit Card,2023-09-04
1261,1261,700,PayPal,2025-02-15
1262,1262,400,Bank Transfer,2024-09-04
1263,1263,240,Credit Card,2024-08-20
1264,1264,400,PayPal,2024-05-11
1265,1265,210,Bank Transfer,2024-02-10
1266,1266,1560,Credit Card,2024-11-21
1267,1267,840,PayPal,2023-10-01
1268,1268,2000,Debit Card,2023-10-16
1269,1269,2600,Debit Card,2024-08-09
1270,1270,200,Debit Card,2024-12-05
1271,1271,120,Debit Card,2025-07-11
1272,1272,240,Credit Card,2024-07-30
1273,1273,2200,Debit Card,2025-05-28
1274,1274,200,Debit Card,2024-12-09
1275,1275,2600,PayPal,2024-07-12
1276,1276,480,PayPal,2024-03-06
1277,1277,150,PayPal,2024-08-09
1278,1278,150,PayPal,2024-10-21
1279,1279,800,Debit Card,2025-03-11
1280,1280,720,PayPal,2024-02-28
1281,1281,120,Credit Card,2024-10-06
1282,1282,500,Debit Card,2024-09-24
1283,1283,210,Credit Card,2025-04-18
1284,1284,630,Bank Transfer,2024-10-23
1285,1285,210,Credit Card,2024-10-09
1286,1286,1680,Credit Card,2024-06-09
1287,1287,40,Credit Card,2023-08-27
1288,1288,800,PayPal,2023-10-21
1289,1289,520,Debit Card,2024-08-26
1290,1290,1200,Credit Card,2024-07-02
1291,1291,910,Debit Card,2024-03-21
1292,1292,2400,PayPal,2025-03-21
1293,1293,160,PayPal,2024-04-10
1294,1294,1800,Debit Card,2023-10-27
1295,1295,500,Credit Card,2024-03-30
1296,1296,560,Debit Card,2024-08-15
1297,1297,1200,Bank Transfer,2024-06-26
1298,1298,1320,Debit Card,2024-05-13
1299,1299,480,Credit Card,2023-10-08
1300,1300,600,Bank Transfer,2025-05-14
1301,1301,600,PayPal,2025-07-28
1302,1302,420,Bank Transfer,2023-12-08
1303,1303,400,Bank Transfer,2024-01-16
1304,1304,1680,PayPal,2024-01-18
1305,1305,120,Debit Card,2024-04-17
1306,1306,70,Debit Card,2025-07-20
1307,1307,1080,PayPal,2025-04-30
1308,1308,600,Debit Card,2024-04-21
1309,1309,520,PayPal,2025-07-03
1310,1310,1680,Debit Card,2024-10-19
1311,1311,1200,PayPal,2024-06-07
1312,1312,2000,Credit Card,2024-08-21
1313,1313,280,Credit Card,2024-06-27
1314,1314,840,PayPal,2024-06-23
1315,1315,600,Debit Card,2024-08-01
1316,1316,400,Credit Card,2023-11-08
1317,1317,360,PayPal,2024-01-25
1318,1318,240,Debit Card,2024-12-28
1319,1319,450,Credit Card,2023-09-30
1320,1320,70,Bank Transfer,2025-03-03
1321,1321,420,Credit Card,2025-05-09
1322,1322,960,PayPal,2024-12-04
1323,1323,1680,Debit Card,2024-04-14
1324,1324,1600,Debit Card,2024-11-06
1325,1325,980,PayPal,2025-04-03
1326,1326,1200,Bank Transfer,2024-02-19
1327,1327,240,Credit Card,2023-10-15
1328,1328,600,Credit Card,2025-02-18
1329,1329,600,PayPal,2025-02-17
1330,1330,1200,Bank Transfer,2024-06-07
1331,1331,2000,Credit Card,2023-10-01
1332,1332,1560,PayPal,2024-05-02
1333,1333,770,Debit Card,2023-10-09
1334,1334,1680,Bank Transfer,2023-12-18
1335,1335,720,PayPal,2024-07-14
1336,1336,70,PayPal,2024-08-30
1337,1337,1800,Debit Card,2024-02-28
1338,1338,2600,Debit Card,2024-08-23
1339,1339,490,Credit Card,2024-11-02
1340,1340,700,PayPal,2024-03-06
1341,1341,1000,Credit Card,2024-06-03
1342,1342,240,Credit Card,2023-09-01
1343,1343,1440,Credit Card,2025-06-01
1344,1344,2000,Bank Transfer,2025-02-16
1345,1345,480,Credit Card,2023-10-28
1346,1346,360,Bank Transfer,2024-04-13
1347,1347,200,Bank Transfer,2024-10-11
1348,1348,280,Credit Card,2024-05-16
1349,1349,2600,Credit Card,2025-03-05
1350,1350,400,Bank Transfer,2024-06-24
1351,1351,770,PayPal,2023-11-11
1352,1352,1680,Debit Card,2023-12-16
1353,1353,910,Credit Card,2024-05-12
1354,1354,400,Debit Card,2025-04-18
1355,1355,960,Credit Card,2024-10-22
1356,1356,1560,Debit Card,2025-03-30
1357,1357,700,Bank Transfer,2024-05-09
1358,1358,280,Credit Card,2024-07-21
1359,1359,70,PayPal,2024-05-04
1360,1360,1560,Credit Card,2025-03-02
1361,1361,800,PayPal,2024-02-09
1362,1362,480,Credit Card,2025-02-27
1363,1363,910,Credit Card,2024-05-27
1364,1364,280,Debit Card,2023-08-16
1365,1365,2400,Credit Card,2024-08-17
1366,1366,560,Debit Card,2023-09-30
1367,1367,600,Debit Card,2024-05-18
1368,1368,140,Credit Card,2024-12-13
1369,1369,600,Debit Card,2024-06-24
1370,1370,1800,PayPal,2025-03-18
1371,1371,770,Credit Card,2024-04-14
1372,1372,280,Credit Card,2024-07-07
1373,1373,480,Bank Transfer,2024-06-29
1374,1374,630,Debit Card,2025-02-12
1375,1375,520,Debit Card,2024-05-28
1376,1376,2600,Bank Transfer,2025-03-28
1377,1377,1560,Credit Card,2025-04-08
1378,1378,2000,Credit Card,2024-05-19
1379,1379,350,Credit Card,2023-10-23
1380,1380,360,PayPal,2023-12-20
1381,1381,490,PayPal,2024-02-28
1382,1382,350,Credit Card,2025-02-28
1383,1383,1600,Bank Transfer,2025-03-04
1384,1384,800,Credit Card,2023-10-14
1385,1385,1680,PayPal,2024-05-31
1386,1386,320,Debit Card,2024-12-27
1387,1387,320,Credit Card,2025-02-01
1388,1388,720,Debit Card,2025-02-03
1389,1389,1680,Debit Card,2024-07-14
1390,1390,600,Bank Transfer,2024-05-17
1391,1391,1440,Bank Transfer,2025-03-26
1392,1392,600,PayPal,2025-05-08
1393,1393,2400,Credit Card,2024-08-31
1394,1394,360,PayPal,2023-12-06
1395,1395,960,PayPal,2024-03-28
1396,1396,910,PayPal,2025-06-11
1397,1397,1560,Bank Transfer,2025-07-29
1398,1398,400,Bank Transfer,2023-10-08
1399,1399,480,Credit Card,2024-12-13
1400,1400,120,PayPal,2023-12-01
1401,1401,800,PayPal,2024-01-03
1402,1402,520,PayPal,2024-11-15
1403,1403,400,Bank Transfer,2024-04-08
1404,1404,200,Debit Card,2024-11-05
1405,1405,360,Debit Card,2024-03-17
1406,1406,160,Credit Card,2024-05-06
1407,1407,2400,PayPal,2024-03-03
1408,1408,420,Credit Card,2024-02-22
1409,1409,280,Debit Card,2024-02-21
1410,1410,320,Credit Card,2024-05-12
1411,1411,250,Bank Transfer,2024-11-06
1412,1412,80,Credit Card,2025-03-21
1413,1413,400,PayPal,2024-03-17
1414,1414,50,PayPal,2024-01-03
1415,1415,300,PayPal,2024-10-18
1416,1416,80,Bank Transfer,2024-10-16
1417,1417,1320,PayPal,2024-11-22
1418,1418,960,Bank Transfer,2024-02-15
1419,1419,440,Bank Transfer,2024-11-25
1420,1420,840,Credit Card,2025-05-21
1421,1421,1560,PayPal,2025-05-01
1422,1422,100,Credit Card,2025-06-30
1423,1423,1400,Debit Card,2025-02-19
1424,1424,240,PayPal,2024-01-01
1425,1425,200,PayPal,2025-07-20
1426,1426,280,PayPal,2024-12-05
1427,1427,500,Debit Card,2023-11-28
1428,1428,910,Bank Transfer,2025-06-02
1429,1429,1320,PayPal,2025-04-27
1430,1430,980,Credit Card,2024-05-08
1431,1431,120,Bank Transfer,2024-11-07
1432,1432,360,Bank Transfer,2023-12-24
1433,1433,200,PayPal,2024-02-24
1434,1434,1600,Debit Card,2024-12-07
1435,1435,70,Credit Card,2024-07-21
1436,1436,280,PayPal,2025-08-05
1437,1437,360,Bank Transfer,2023-09-05
1438,1438,1680,Bank Transfer,2025-06-25
1439,1439,840,Bank Transfer,2024-06-18
1440,1440,600,Debit Card,2025-06-10
1441,1441,1600,Bank Transfer,2023-12-02
1442,1442,80,Bank Transfer,2024-01-18
1443,1443,1600,Bank Transfer,2025-08-01
1444,1444,1000,Credit Card,2024-10-26
1445,1445,1440,Debit Card,2024-12-07
1446,1446,480,Credit Card,2024-02-18
1447,1447,550,PayPal,2025-07-01
1448,1448,240,Bank Transfer,2025-04-14
1449,1449,1440,Bank Transfer,2024-06-07
1450,1450,700,Bank Transfer,2024-08-16
1451,1451,600,PayPal,2024-04-13
1452,1452,140,Credit Card,2024-07-04
1453,1453,2400,Bank Transfer,2025-02-25
1454,1454,70,PayPal,2024-06-17
1455,1455,240,PayPal,2023-09-06
1456,1456,1080,Credit Card,2023-09-29
1457,1457,700,Debit Card,2025-05-16
1458,1458,600,PayPal,2024-05-17
1459,1459,320,Bank Transfer,2023-12-27
1460,1460,440,PayPal,2024-03-11
1461,1461,2000,Bank Transfer,2024-01-24
1462,1462,2600,PayPal,2025-08-09
1463,1463,400,Bank Transfer,2025-02-28
1464,1464,280,PayPal,2024-03-26
1465,1465,910,PayPal,2025-07-24
1466,1466,1400,PayPal,2023-08-29
1467,1467,120,Credit Card,2024-01-14
1468,1468,400,Debit Card,2024-03-30
1469,1469,120,Debit Card,2025-01-06
1470,1470,500,Debit Card,2025-02-27
1471,1471,910,Debit Card,2024-09-17
1472,1472,440,Bank Transfer,2024-01-29
1473,1473,2400,PayPal,2024-02-21
1474,1474,250,PayPal,2025-01-21
1475,1475,1560,Debit Card,2024-03-23
1476,1476,350,PayPal,2025-01-04
1477,1477,1200,Bank Transfer,2024-10-13
1478,1478,360,Debit Card,2024-01-02
1479,1479,1320,Debit Card,2024-08-30
1480,1480,120,Credit Card,2025-06-29
1481,1481,280,PayPal,2025-03-08
1482,1482,1680,Credit Card,2024-03-31
1483,1483,650,PayPal,2025-01-11
1484,1484,280,Credit Card,2024-02-03
1485,1485,120,PayPal,2024-03-01
1486,1486,450,Debit Card,2023-08-22
1487,1487,320,Credit Card,2024-09-19
1488,1488,120,PayPal,2024-03-09
1489,1489,1560,PayPal,2024-10-06
1490,1490,1200,Debit Card,2024-06-23
1491,1491,440,Credit Card,2023-11-22
1492,1492,200,Credit Card,2025-02-18
1493,1493,400,Credit Card,2024-06-09
1494,1494,120,Debit Card,2025-03-16
1495,1495,1800,Bank Transfer,2025-07-28
1496,1496,350,Debit Card,2025-01-21
1497,1497,320,Debit Card,2025-01-23
1498,1498,2800,Bank Transfer,2024-04-19
1499,1499,400,Debit Card,2023-12-21
1500,1500,700,Debit Card,2023-11-05
1501,1501,720,Debit Card,2024-06-04
1502,1502,100,Debit Card,2025-03-22
1503,1503,240,Credit Card,2024-09-06
1504,1504,980,Credit Card,2023-10-07
1505,1505,440,PayPal,2025-06-13
1506,1506,560,PayPal,2024-12-12
1507,1507,200,Bank Transfer,2025-06-10
1508,1508,160,Bank Transfer,2024-09-26
1509,1509,560,Debit Card,2024-12-22
1510,1510,2400,Credit Card,2025-02-05
1511,1511,120,Debit Card,2023-09-27
1512,1512,500,PayPal,2024-04-04
1513,1513,400,Credit Card,2025-03-11
1514,1514,520,Debit Card,2024-08-27
1515,1515,200,PayPal,2024-06-06
1516,1516,1080,Debit Card,2025-07-28
1517,1517,720,Debit Card,2025-03-23
1518,1518,400,Bank Transfer,2024-11-21
1519,1519,600,Bank Transfer,2024-12-22
1520,1520,1600,PayPal,2024-05-11
1521,1521,420,Credit Card,2023-12-18
1522,1522,450,Credit Card,2024-07-22
1523,1523,240,Debit Card,2023-12-02
1524,1524,520,Credit Card,2025-04-18
1525,1525,700,Bank Transfer,2024-01-13
1526,1526,520,Credit Card,2023-11-15
1527,1527,480,Bank Transfer,2025-07-03
1528,1528,980,Bank Transfer,2024-07-30
1529,1529,1200,Debit Card,2024-07-03
1530,1530,240,PayPal,2024-08-03
1531,1531,720,Debit Card,2023-10-21
1532,1532,1440,PayPal,2024-12-05
1533,1533,70,PayPal,2025-03-21
1534,1534,280,Bank Transfer,2025-05-09
1535,1535,1560,PayPal,2023-11-28
1536,1536,480,Credit Card,2024-03-07
1537,1537,80,PayPal,2023-11-01
1538,1538,1080,Bank Transfer,2025-08-13
1539,1539,70,PayPal,2024-01-03
1540,1540,210,PayPal,2024-04-09
1541,1541,840,Bank Transfer,2024-10-30
1542,1542,2000,Debit Card,2025-05-30
1543,1543,350,Credit Card,2023-11-21
1544,1544,520,PayPal,2025-03-22
1545,1545,630,Bank Transfer,2023-12-29
1546,1546,1560,Credit Card,2025-02-16
1547,1547,2000,Debit Card,2023-11-30
1548,1548,910,Bank Transfer,2024-11-13
1549,1549,140,Credit Card,2024-03-05
1550,1550,2000,Bank Transfer,2025-05-22
1551,1551,40,PayPal,2025-07-25
1552,1552,210,Debit Card,2024-01-19
1553,1553,1320,Bank Transfer,2024-04-14
1554,1554,770,Debit Card,2025-02-10
1555,1555,560,Debit Card,2024-01-14
1556,1556,560,Bank Transfer,2024-08-21
1557,1557,840,Debit Card,2024-07-05
1558,1558,1200,PayPal,2024-05-16
1559,1559,1800,PayPal,2024-10-12
1560,1560,40,Credit Card,2025-03-25
1561,1561,840,Bank Transfer,2024-07-01
1562,1562,520,Debit Card,2025-03-24
1563,1563,1440,Bank Transfer,2023-09-05
1564,1564,2600,PayPal,2024-01-12
1565,1565,1560,Debit Card,2024-05-30
1566,1566,280,Bank Transfer,2023-09-08
1567,1567,210,Bank Transfer,2024-03-12
1568,1568,560,Debit Card,2025-05-06
1569,1569,70,Bank Transfer,2024-04-30
1570,1570,440,Debit Card,2024-03-17
1571,1571,1200,PayPal,2024-10-04
1572,1572,1200,Credit Card,2025-05-19
1573,1573,630,Bank Transfer,2024-09-19
1574,1574,1080,Bank Transfer,2025-03-22
1575,1575,1200,Credit Card,2023-08-16
1576,1576,70,Debit Card,2025-07-26
1577,1577,80,PayPal,2025-07-21
1578,1578,1400,PayPal,2024-01-18
1579,1579,1560,Debit Card,2025-04-26
1580,1580,2000,Credit Card,2025-03-12
1581,1581,1200,Debit Card,2025-05-17
1582,1582,1440,Bank Transfer,2024-12-23
1583,1583,840,Debit Card,2025-05-12
1584,1584,960,PayPal,2024-06-18
1585,1585,480,PayPal,2025-01-20
1586,1586,910,Credit Card,2025-05-02
1587,1587,2800,Credit Card,2024-09-23
1588,1588,720,Bank Transfer,2023-11-26
1589,1589,210,Debit Card,2024-01-19
1590,1590,1680,PayPal,2025-03-22
1591,1591,480,Bank Transfer,2024-04-23
1592,1592,120,PayPal,2024-04-04
1593,1593,480,Debit Card,2024-05-21
1594,1594,420,Debit Card,2024-09-27
1595,1595,600,PayPal,2023-12-30
1596,1596,1200,PayPal,2025-08-09
1597,1597,280,Credit Card,2024-06-06
1598,1598,1800,Debit Card,2025-02-21
1599,1599,70,Bank Transfer,2025-05-07
1600,1600,910,Bank Transfer,2024-07-14
1601,1601,480,PayPal,2025-08-05
1602,1602,550,PayPal,2025-01-04
1603,1603,1440,Credit Card,2023-10-26
1604,1604,250,Credit Card,2024-03-28
1605,1605,160,PayPal,2023-09-03
1606,1606,840,Credit Card,2024-08-10
1607,1607,720,Bank Transfer,2025-07-20
1608,1608,490,Credit Card,2023-12-10
1609,1609,40,PayPal,2023-12-09
1610,1610,1200,Bank Transfer,2024-10-15
1611,1611,210,Credit Card,2024-09-06
1612,1612,280,PayPal,2023-12-05
1613,1613,980,PayPal,2024-11-15
1614,1614,560,Debit Card,2024-09-15
1615,1615,80,Bank Transfer,2025-07-18
1616,1616,70,Debit Card,2025-04-14
1617,1617,1440,Debit Card,2024-04-03
1618,1618,320,Credit Card,2025-02-09
1619,1619,140,Credit Card,2024-01-30
1620,1620,360,Debit Card,2023-09-19
1621,1621,70,Bank Transfer,2024-08-16
1622,1622,240,Credit Card,2025-03-03
1623,1623,480,Bank Transfer,2024-09-13
1624,1624,80,PayPal,2024-10-11
1625,1625,1320,Bank Transfer,2023-11-21
1626,1626,2200,PayPal,2025-02-03
1627,1627,360,Credit Card,2024-07-12
1628,1628,280,Credit Card,2023-09-22
1629,1629,200,Credit Card,2023-10-01
1630,1630,400,Credit Card,2024-07-26
1631,1631,700,Bank Transfer,2024-09-12
1632,1632,40,Credit Card,2023-09-14
1633,1633,400,Bank Transfer,2024-07-31
1634,1634,50,Credit Card,2025-08-10
1635,1635,200,Credit Card,2025-01-29
1636,1636,1400,Bank Transfer,2023-10-17
1637,1637,280,Credit Card,2023-12-13
1638,1638,1440,Bank Transfer,2024-01-02
1639,1639,980,Bank Transfer,2023-08-31
1640,1640,450,Bank Transfer,2023-08-24
1641,1641,140,PayPal,2025-03-15
1642,1642,400,Bank Transfer,2024-05-10
1643,1643,2400,PayPal,2025-05-06
1644,1644,360,Bank Transfer,2024-11-28
1645,1645,280,Bank Transfer,2024-11-21
1646,1646,1320,Credit Card,2025-02-05
1647,1647,2800,PayPal,2025-04-27
1648,1648,200,PayPal,2025-08-09
1649,1649,800,PayPal,2024-12-11
1650,1650,1200,Debit Card,2024-08-02
1651,1651,250,Credit Card,2025-04-23
1652,1652,400,Credit Card,2024-05-09
1653,1653,1680,Credit Card,2024-09-22
1654,1654,480,Credit Card,2025-05-12
1655,1655,600,Debit Card,2024-05-21
1656,1656,1400,Credit Card,2023-09-10
1657,1657,720,Debit Card,2025-06-27
1658,1658,210,Debit Card,2025-08-14
1659,1659,720,Bank Transfer,2025-04-28
1660,1660,600,Credit Card,2025-05-07
1661,1661,700,Bank Transfer,2025-03-22
1662,1662,400,Debit Card,2024-04-11
1663,1663,700,Credit Card,2023-08-19
1664,1664,1200,Bank Transfer,2023-11-11
1665,1665,600,Bank Transfer,2024-07-24
1666,1666,600,Credit Card,2024-12-28
1667,1667,1200,Credit Card,2024-05-23
1668,1668,1000,Debit Card,2024-12-21
1669,1669,1440,PayPal,2023-11-17
1670,1670,840,Credit Card,2025-06-09
1671,1671,770,Credit Card,2025-07-18
1672,1672,1600,Credit Card,2025-07-20
1673,1673,210,Credit Card,2023-12-27
1674,1674,80,Bank Transfer,2024-06-09
1675,1675,140,Debit Card,2024-02-27
1676,1676,2000,Debit Card,2023-08-31
1677,1677,280,Bank Transfer,2024-10-29
1678,1678,560,PayPal,2024-12-31
1679,1679,1560,Bank Transfer,2024-12-20
1680,1680,100,Bank Transfer,2025-04-05
1681,1681,720,PayPal,2024-05-19
1682,1682,210,Credit Card,2023-11-17
1683,1683,350,Credit Card,2024-06-12
1684,1684,2600,Debit Card,2024-09-20
1685,1685,210,Credit Card,2024-06-07
1686,1686,1680,Bank Transfer,2024-04-14
1687,1687,480,Debit Card,2024-04-08
1688,1688,200,PayPal,2023-11-26
1689,1689,600,Bank Transfer,2025-02-11
1690,1690,1560,Bank Transfer,2025-07-06
1691,1691,1680,Bank Transfer,2024-04-17
1692,1692,600,Bank Transfer,2025-07-26
1693,1693,700,Debit Card,2024-02-28
1694,1694,2200,Bank Transfer,2024-01-12
1695,1695,1200,PayPal,2023-09-29
1696,1696,200,Debit Card,2024-07-17
1697,1697,910,Debit Card,2024-12-19
1698,1698,450,Bank Transfer,2025-07-14
1699,1699,1320,Credit Card,2023-11-22
1700,1700,280,Bank Transfer,2023-08-23
1701,1701,360,Bank Transfer,2025-02-23
1702,1702,770,Debit Card,2024-04-30
1703,1703,1800,Bank Transfer,2023-09-20
1704,1704,1680,Bank Transfer,2024-05-31
1705,1705,1000,Credit Card,2023-08-12
1706,1706,200,PayPal,2024-04-19
1707,1707,400,Bank Transfer,2024-03-23
1708,1708,550,Bank Transfer,2024-10-01
1709,1709,350,PayPal,2025-07-11
1710,1710,350,Debit Card,2025-07-08
1711,1711,490,Bank Transfer,2024-08-19
1712,1712,400,Debit Card,2024-10-29
1713,1713,720,Credit Card,2024-08-20
1714,1714,120,Debit Card,2025-05-05
1715,1715,480,Bank Transfer,2024-11-20
1716,1716,1600,Bank Transfer,2024-11-05
1717,1717,630,PayPal,2025-01-17
1718,1718,1440,Debit Card,2023-08-21
1719,1719,120,Debit Card,2023-12-21
1720,1720,960,PayPal,2023-09-17
1721,1721,1200,Debit Card,2024-11-07
1722,1722,490,PayPal,2024-02-01
1723,1723,140,PayPal,2025-02-25
1724,1724,2600,PayPal,2025-03-11
1725,1725,240,Bank Transfer,2025-04-23
1726,1726,360,Debit Card,2025-04-25
1727,1727,2000,Debit Card,2023-08-29
1728,1728,770,Credit Card,2024-06-22
1729,1729,350,Credit Card,2024-07-04
1730,1730,1400,PayPal,2025-01-09
1731,1731,200,Debit Card,2025-04-20
1732,1732,1800,Bank Transfer,2025-06-07
1733,1733,1800,Credit Card,2024-06-21
1734,1734,240,PayPal,2024-10-17
1735,1735,450,Credit Card,2024-07-19
1736,1736,2400,PayPal,2025-03-03
1737,1737,840,Bank Transfer,2024-04-30
1738,1738,630,Bank Transfer,2023-11-16
1739,1739,360,Bank Transfer,2023-08-23
1740,1740,120,PayPal,2023-09-28
1741,1741,1000,Debit Card,2024-06-11
1742,1742,360,PayPal,2025-08-04
1743,1743,2200,Credit Card,2023-11-24
1744,1744,240,Credit Card,2024-04-21
1745,1745,2200,Debit Card,2023-10-12
1746,1746,2600,Debit Card,2023-09-28
1747,1747,1560,Credit Card,2023-11-01
1748,1748,120,Bank Transfer,2023-09-24
1749,1749,200,PayPal,2024-06-04
1750,1750,2400,Debit Card,2024-01-27
1751,1751,240,Credit Card,2023-10-04
1752,1752,50,Bank Transfer,2024-09-28
1753,1753,280,Credit Card,2025-07-25
1754,1754,120,Bank Transfer,2024-05-14
1755,1755,350,Credit Card,2023-11-14
1756,1756,960,Credit Card,2023-08-30
1757,1757,350,PayPal,2024-07-21
1758,1758,200,PayPal,2023-12-22
1759,1759,440,Credit Card,2024-08-09
1760,1760,770,PayPal,2024-02-28
1761,1761,400,Credit Card,2024-01-06
1762,1762,40,Credit Card,2025-08-08
1763,1763,200,Credit Card,2025-02-03
1764,1764,1680,Debit Card,2024-05-01
1765,1765,700,Bank Transfer,2025-08-10
1766,1766,70,Credit Card,2024-09-08
1767,1767,600,PayPal,2025-07-03
1768,1768,200,Debit Card,2025-03-28
1769,1769,630,Bank Transfer,2024-01-08
1770,1770,150,PayPal,2024-06-10
1771,1771,1400,PayPal,2025-01-13
1772,1772,70,Bank Transfer,2024-08-10
1773,1773,1080,PayPal,2025-02-11
1774,1774,980,Bank Transfer,2024-08-27
1775,1775,480,Debit Card,2024-10-19
1776,1776,150,Bank Transfer,2024-07-17
1777,1777,1400,Credit Card,2025-07-25
1778,1778,120,Bank Transfer,2023-10-13
1779,1779,960,Credit Card,2025-02-16
1780,1780,2000,Debit Card,2024-02-29
1781,1781,1800,Debit Card,2024-10-11
1782,1782,840,Credit Card,2024-11-11
1783,1783,1200,Credit Card,2024-05-14
1784,1784,1320,Debit Card,2024-03-13
1785,1785,980,Credit Card,2025-03-17
1786,1786,40,Debit Card,2024-06-09
1787,1787,250,PayPal,2025-07-27
1788,1788,160,PayPal,2025-02-18
1789,1789,120,Debit Card,2025-03-19
1790,1790,1560,Debit Card,2024-04-19
1791,1791,1600,Debit Card,2024-10-20
1792,1792,720,PayPal,2025-01-17
1793,1793,440,PayPal,2025-08-03
1794,1794,2200,PayPal,2024-11-04
1795,1795,700,Bank Transfer,2023-12-26
1796,1796,80,Credit Card,2024-05-09
1797,1797,2400,Bank Transfer,2024-03-05
1798,1798,840,Credit Card,2024-03-16
1799,1799,250,PayPal,2025-05-17
1800,1800,1800,Debit Card,2025-02-04
1801,1801,700,Bank Transfer,2024-01-03
1802,1802,490,PayPal,2024-11-28
1803,1803,280,Debit Card,2025-04-12
1804,1804,700,Debit Card,2024-09-06
1805,1805,150,Credit Card,2024-10-31
1806,1806,400,Credit Card,2024-04-14
1807,1807,1800,Debit Card,2024-12-12
1808,1808,350,PayPal,2025-05-28
1809,1809,350,Credit Card,2023-08-17
1810,1810,360,PayPal,2024-12-09
1811,1811,1200,PayPal,2024-10-10
1812,1812,960,PayPal,2025-07-26
1813,1813,200,Bank Transfer,2024-07-29
1814,1814,840,Debit Card,2023-10-11
1815,1815,980,PayPal,2025-02-24
1816,1816,490,Bank Transfer,2025-03-28
1817,1817,1400,Credit Card,2024-03-08
1818,1818,440,Credit Card,2025-02-27
1819,1819,910,PayPal,2024-08-31
1820,1820,1080,PayPal,2025-06-16
1821,1821,520,PayPal,2024-02-20
1822,1822,240,PayPal,2024-04-30
1823,1823,1320,Credit Card,2024-10-31
1824,1824,1320,Bank Transfer,2023-09-24
1825,1825,520,Credit Card,2024-03-03
1826,1826,280,Bank Transfer,2025-06-08
1827,1827,1200,Debit Card,2025-07-21
1828,1828,1440,Bank Transfer,2024-10-24
1829,1829,1440,Bank Transfer,2024-12-09
1830,1830,1000,Bank Transfer,2024-07-02
1831,1831,1560,Bank Transfer,2024-12-11
1832,1832,1080,Bank Transfer,2025-01-20
1833,1833,240,PayPal,2024-03-05
1834,1834,910,Credit Card,2024-07-05
1835,1835,980,Debit Card,2023-11-21
1836,1836,240,PayPal,2024-01-23
1837,1837,1200,Credit Card,2023-10-25
1838,1838,300,PayPal,2024-10-01
1839,1839,120,Debit Card,2023-10-01
1840,1840,500,Credit Card,2024-12-07
1841,1841,200,Bank Transfer,2024-04-29
1842,1842,910,Bank Transfer,2025-05-06
1843,1843,400,Debit Card,2024-12-30
1844,1844,400,Bank Transfer,2023-09-13
1845,1845,210,PayPal,2025-08-01
1846,1846,910,PayPal,2025-06-30
1847,1847,500,Credit Card,2025-04-21
1848,1848,1400,Credit Card,2024-02-12
1849,1849,350,PayPal,2024-04-29
1850,1850,400,PayPal,2025-06-07
1851,1851,1400,Debit Card,2024-12-16
1852,1852,50,Debit Card,2024-12-12
1853,1853,600,Bank Transfer,2025-01-07
1854,1854,2400,PayPal,2023-12-06
1855,1855,1800,Bank Transfer,2024-06-09
1856,1856,1000,PayPal,2024-11-07
1857,1857,1200,PayPal,2023-09-02
1858,1858,50,Bank Transfer,2025-05-21
1859,1859,1200,Bank Transfer,2024-02-17
1860,1860,490,PayPal,2024-09-19
1861,1861,2200,Credit Card,2024-01-18
1862,1862,800,Bank Transfer,2024-02-14
1863,1863,240,Bank Transfer,2024-02-21
1864,1864,200,Bank Transfer,2024-02-26
1865,1865,250,Debit Card,2025-03-23
1866,1866,500,Debit Card,2024-05-20
1867,1867,240,Debit Card,2023-10-15
1868,1868,120,PayPal,2023-12-05
1869,1869,630,Bank Transfer,2025-01-29
1870,1870,240,Debit Card,2024-12-31
1871,1871,1440,PayPal,2023-08-29
1872,1872,800,Bank Transfer,2025-07-13
1873,1873,650,Credit Card,2024-12-09
1874,1874,240,PayPal,2023-09-20
1875,1875,280,Credit Card,2024-12-07
1876,1876,1680,Debit Card,2025-04-06
1877,1877,350,Credit Card,2023-12-14
1878,1878,400,Debit Card,2025-06-25
1879,1879,120,Debit Card,2024-06-28
1880,1880,600,PayPal,2025-04-24
1881,1881,1200,Debit Card,2025-07-10
1882,1882,240,Debit Card,2025-02-17
1883,1883,550,Bank Transfer,2024-10-30
1884,1884,40,Credit Card,2025-04-25
1885,1885,1000,Debit Card,2025-07-17
1886,1886,630,Debit Card,2023-12-10
1887,1887,200,Debit Card,2024-07-23
1888,1888,1440,PayPal,2024-11-26
1889,1889,1000,PayPal,2024-05-17
1890,1890,1440,PayPal,2024-11-17
1891,1891,1080,Debit Card,2025-01-18
1892,1892,80,Bank Transfer,2025-08-09
1893,1893,2000,PayPal,2024-05-07
1894,1894,420,PayPal,2025-04-10
1895,1895,280,Bank Transfer,2024-02-15
1896,1896,120,Debit Card,2025-06-29
1897,1897,960,Debit Card,2024-08-09
1898,1898,910,Bank Transfer,2024-12-07
1899,1899,1800,PayPal,2024-05-11
1900,1900,1200,Debit Card,2024-09-14
1901,1901,600,Debit Card,2023-09-20
1902,1902,1440,Bank Transfer,2024-07-02
1903,1903,1680,Credit Card,2025-01-30
1904,1904,1080,PayPal,2024-02-15
1905,1905,40,Credit Card,2025-03-16
1906,1906,770,Debit Card,2025-01-24
1907,1907,200,Debit Card,2023-08-30
1908,1908,160,Credit Card,2024-10-21
1909,1909,80,Credit Card,2023-09-05
1910,1910,440,Debit Card,2025-03-02
1911,1911,600,Bank Transfer,2023-11-06
1912,1912,600,PayPal,2024-01-03
1913,1913,360,PayPal,2023-11-11
1914,1914,520,Bank Transfer,2023-08-13
1915,1915,50,Bank Transfer,2024-02-10
1916,1916,280,Bank Transfer,2024-04-20
1917,1917,1200,Bank Transfer,2023-08-17
1918,1918,700,Bank Transfer,2023-10-21
1919,1919,500,Bank Transfer,2025-04-09
1920,1920,80,Bank Transfer,2024-08-12
1921,1921,140,Debit Card,2023-10-15
1922,1922,630,PayPal,2023-12-13
1923,1923,200,Bank Transfer,2025-04-23
1924,1924,550,Bank Transfer,2024-07-07
1925,1925,600,PayPal,2025-03-12
1926,1926,200,Credit Card,2023-11-30
1927,1927,2200,Debit Card,2024-01-14
1928,1928,2800,PayPal,2025-05-09
1929,1929,360,Debit Card,2024-02-11
1930,1930,200,Bank Transfer,2024-01-30
1931,1931,960,PayPal,2024-11-16
1932,1932,360,Bank Transfer,2023-11-16
1933,1933,360,Debit Card,2025-03-31
1934,1934,440,Bank Transfer,2024-07-11
1935,1935,1200,Debit Card,2023-10-30
1936,1936,700,Debit Card,2025-04-28
1937,1937,1080,Credit Card,2025-07-08
1938,1938,1320,Bank Transfer,2025-05-10
1939,1939,1440,Debit Card,2024-11-12
1940,1940,320,Bank Transfer,2024-11-22
1941,1941,140,Debit Card,2024-03-19
1942,1942,120,Debit Card,2023-08-30
1943,1943,840,PayPal,2024-01-18
1944,1944,1560,PayPal,2023-09-21
1945,1945,210,Debit Card,2025-03-18
1946,1946,120,PayPal,2025-07-11
1947,1947,1080,PayPal,2025-06-14
1948,1948,140,PayPal,2023-09-25
1949,1949,160,PayPal,2024-05-15
1950,1950,2200,Bank Transfer,2024-08-15
1951,1951,1800,PayPal,2024-10-26
1952,1952,40,Credit Card,2023-08-12
1953,1953,1320,Credit Card,2024-05-29
1954,1954,840,PayPal,2023-08-27
1955,1955,440,PayPal,2024-09-08
1956,1956,280,Credit Card,2025-03-02
1957,1957,200,PayPal,2025-01-27
1958,1958,200,Debit Card,2024-06-13
1959,1959,200,PayPal,2025-01-16
1960,1960,720,PayPal,2025-02-16
1961,1961,700,Bank Transfer,2024-02-14
1962,1962,2600,Debit Card,2023-10-14
1963,1963,840,Bank Transfer,2025-04-20
1964,1964,2000,Bank Transfer,2023-09-23
1965,1965,420,PayPal,2024-11-09
1966,1966,480,Bank Transfer,2024-04-17
1967,1967,280,PayPal,2024-04-21
1968,1968,320,Bank Transfer,2025-05-19
1969,1969,40,Credit Card,2024-05-18
1970,1970,2600,Credit Card,2024-08-05
1971,1971,140,Debit Card,2024-01-06
1972,1972,400,Credit Card,2023-12-17
1973,1973,320,Debit Card,2023-10-17
1974,1974,600,Bank Transfer,2025-04-06
1975,1975,210,Credit Card,2025-01-19
1976,1976,440,Credit Card,2024-02-15
1977,1977,120,PayPal,2024-03-14
1978,1978,490,Bank Transfer,2025-05-13
1979,1979,120,Bank Transfer,2024-08-11
1980,1980,840,PayPal,2025-02-03
1981,1981,560,PayPal,2025-03-06
1982,1982,650,Debit Card,2024-10-31
1983,1983,1400,Credit Card,2025-01-14
1984,1984,420,Credit Card,2025-02-05
1985,1985,1400,Credit Card,2025-02-03
1986,1986,720,Bank Transfer,2024-09-07
1987,1987,1600,PayPal,2025-01-12
1988,1988,300,PayPal,2024-01-29
1989,1989,490,Credit Card,2024-06-16
1990,1990,200,PayPal,2025-03-16
1991,1991,910,Credit Card,2025-07-12
1992,1992,440,Credit Card,2025-04-28
1993,1993,400,Bank Transfer,2024-09-01
1994,1994,1680,Bank Transfer,2024-12-18
1995,1995,840,Bank Transfer,2024-05-16
1996,1996,1200,Bank Transfer,2023-12-07
1997,1997,210,Bank Transfer,2025-01-21
1998,1998,200,PayPal,2024-05-01
1999,1999,1000,Bank Transfer,2023-08-30
2000,2000,910,Credit Card,2024-08-15
