id,customer_id,car_id,pickup_branch_id,return_branch_id,start_date,end_date,booking_date
1,198,93,3,9,2025-01-24,2025-01-26,2025-01-11
2,65,12,5,2,2025-03-12,2025-03-15,2025-02-21
3,356,42,6,4,2025-05-23,2025-05-31,2025-05-04
4,444,37,1,4,2024-01-28,2024-02-08,2024-01-07
5,492,21,1,2,2025-04-03,2025-04-12,2025-03-15
6,173,131,8,3,2024-04-12,2024-04-20,2024-03-17
7,70,72,1,4,2024-06-04,2024-06-05,2024-05-15
8,315,196,3,7,2024-02-08,2024-02-13,2024-02-04
9,318,137,7,2,2024-07-02,2024-07-12,2024-06-19
10,83,181,10,8,2024-09-18,2024-09-19,2024-09-09
11,317,72,3,9,2023-11-23,2023-12-03,2023-11-03
12,438,122,2,5,2023-10-10,2023-10-18,2023-09-12
13,384,85,10,3,2024-11-17,2024-11-22,2024-11-07
14,384,54,2,6,2025-04-18,2025-04-19,2025-03-25
15,82,195,7,5,2024-04-26,2024-05-02,2024-04-12
16,444,63,5,3,2024-06-22,2024-06-25,2024-06-21
17,245,57,10,2,2025-04-01,2025-04-13,2025-03-19
18,318,7,10,8,2024-11-11,2024-11-18,2024-10-18
19,332,43,1,9,2025-07-04,2025-07-07,2025-06-05
20,263,87,2,3,2025-07-20,2025-07-24,2025-07-15
21,447,153,6,4,2025-07-30,2025-07-31,2025-07-10
22,95,121,2,8,2023-09-03,2023-09-04,2023-08-17
23,52,27,7,1,2023-11-14,2023-11-17,2023-10-22
24,256,136,7,8,2025-02-05,2025-02-12,2025-01-31
25,76,23,1,1,2023-09-21,2023-10-03,2023-08-23
26,279,178,2,3,2024-10-27,2024-11-09,2024-10-02
27,477,149,4,1,2023-10-04,2023-10-18,2023-09-26
28,342,62,9,3,2024-04-05,2024-04-13,2024-03-29
29,216,49,2,10,2024-04-23,2024-04-25,2024-04-14
30,7,111,1,2,2024-01-14,2024-01-22,2024-01-06
31,434,99,1,7,2023-10-18,2023-10-26,2023-10-12
32,127,39,3,9,2023-11-02,2023-11-05,2023-10-13
33,495,35,6,8,2024-09-29,2024-10-07,2024-09-23
34,191,172,4,10,2024-11-04,2024-11-16,2024-10-22
35,349,44,8,7,2024-08-07,2024-08-11,2024-07-08
36,280,113,2,2,2025-06-25,2025-07-03,2025-06-11
37,86,162,6,8,2024-11-17,2024-11-28,2024-10-20
38,232,52,4,8,2024-10-03,2024-10-17,2024-09-14
39,401,191,1,6,2024-06-19,2024-07-02,2024-05-28
40,31,176,5,8,2024-05-25,2024-05-31,2024-05-03
41,381,119,3,4,2024-08-13,2024-08-20,2024-07-19
42,488,87,7,10,2024-08-27,2024-09-08,2024-08-13
43,424,66,2,10,2025-02-25,2025-03-09,2025-02-18
44,79,41,4,8,2024-01-01,2024-01-10,2023-12-22
45,380,89,8,4,2024-03-08,2024-03-15,2024-03-04
46,426,20,1,7,2023-12-29,2024-01-06,2023-12-16
47,259,134,4,5,2024-06-05,2024-06-14,2024-05-29
48,103,154,2,5,2024-11-16,2024-11-27,2024-11-13
49,441,169,10,2,2024-08-07,2024-08-19,2024-07-10
50,195,66,5,2,2024-12-14,2024-12-26,2024-11-14
51,181,185,2,5,2024-01-18,2024-02-01,2024-01-09
52,73,58,3,8,2025-03-19,2025-03-31,2025-02-21
53,312,192,8,5,2024-03-17,2024-03-29,2024-03-04
54,329,46,7,9,2025-05-08,2025-05-15,2025-04-18
55,470,147,7,8,2024-06-25,2024-06-29,2024-06-10
56,128,9,5,7,2024-08-27,2024-09-04,2024-08-25
57,220,61,10,2,2024-08-14,2024-08-22,2024-07-15
58,326,115,10,7,2023-09-09,2023-09-12,2023-08-20
59,331,168,7,7,2025-05-15,2025-05-27,2025-05-13
60,137,194,6,8,2023-11-14,2023-11-28,2023-10-19
61,104,187,5,1,2024-11-24,2024-11-29,2024-11-02
62,392,152,5,1,2024-04-02,2024-04-13,2024-03-16
63,203,176,6,1,2024-04-30,2024-05-03,2024-04-13
64,387,191,9,5,2024-11-24,2024-12-08,2024-11-05
65,195,141,5,8,2024-09-25,2024-10-03,2024-09-12
66,56,18,5,8,2025-03-07,2025-03-10,2025-02-09
67,385,105,10,10,2025-04-28,2025-05-04,2025-04-27
68,313,7,6,4,2024-08-19,2024-08-30,2024-08-14
69,144,195,4,2,2025-07-26,2025-07-31,2025-07-12
70,493,87,5,7,2025-02-01,2025-02-04,2025-01-03
71,106,19,4,1,2025-06-14,2025-06-27,2025-06-02
72,407,88,4,7,2025-03-31,2025-04-02,2025-03-13
73,155,103,10,4,2023-11-18,2023-11-27,2023-10-19
74,138,57,2,3,2024-05-17,2024-05-20,2024-05-05
75,192,54,5,4,2024-04-14,2024-04-17,2024-03-20
76,459,197,1,10,2024-02-07,2024-02-08,2024-01-24
77,224,191,2,4,2024-10-29,2024-10-30,2024-10-04
78,276,43,8,10,2023-12-19,2023-12-22,2023-11-21
79,476,147,7,5,2024-09-20,2024-10-02,2024-09-13
80,181,111,4,6,2023-09-21,2023-09-24,2023-08-24
81,349,64,7,7,2024-02-02,2024-02-12,2024-01-12
82,316,19,4,10,2023-09-28,2023-10-09,2023-09-19
83,115,98,5,8,2025-06-04,2025-06-11,2025-05-13
84,74,72,7,2,2025-07-02,2025-07-14,2025-06-03
85,224,73,7,10,2023-10-02,2023-10-10,2023-09-03
86,232,174,10,1,2025-06-25,2025-07-07,2025-06-01
87,329,18,2,2,2024-06-11,2024-06-18,2024-06-05
88,39,184,1,3,2024-08-25,2024-09-02,2024-08-05
89,23,98,3,8,2024-12-03,2024-12-10,2024-11-24
90,330,133,10,7,2025-06-27,2025-07-07,2025-06-17
91,485,46,7,1,2024-09-20,2024-09-30,2024-09-07
92,88,2,2,8,2023-09-12,2023-09-23,2023-08-27
93,269,106,1,5,2025-02-22,2025-03-02,2025-02-18
94,38,196,7,7,2024-10-24,2024-10-29,2024-10-19
95,251,6,10,5,2023-09-13,2023-09-20,2023-08-14
96,384,179,8,1,2024-07-19,2024-07-24,2024-06-21
97,215,140,4,5,2025-03-14,2025-03-19,2025-03-04
98,401,59,6,2,2024-04-14,2024-04-15,2024-03-29
99,492,147,6,8,2025-01-10,2025-01-17,2024-12-22
100,335,39,4,3,2023-10-01,2023-10-02,2023-09-13
101,470,70,5,9,2024-07-20,2024-07-29,2024-07-10
102,430,127,7,6,2024-08-25,2024-09-05,2024-08-01
103,29,152,8,10,2024-05-05,2024-05-12,2024-04-07
104,154,133,9,6,2025-02-26,2025-02-28,2025-02-21
105,102,47,5,7,2025-02-05,2025-02-06,2025-01-14
106,113,56,6,7,2025-06-13,2025-06-22,2025-05-28
107,454,52,7,9,2024-08-29,2024-09-04,2024-08-27
108,179,154,9,9,2025-01-15,2025-01-22,2024-12-16
109,332,80,7,4,2023-09-30,2023-10-01,2023-09-22
110,147,170,8,7,2024-08-21,2024-09-01,2024-07-31
111,176,149,5,2,2024-05-18,2024-05-21,2024-04-27
112,319,147,6,10,2023-11-28,2023-12-07,2023-11-09
113,303,146,2,2,2025-05-28,2025-06-07,2025-05-24
114,374,80,5,4,2024-09-26,2024-10-05,2024-09-23
115,8,89,8,3,2025-01-31,2025-02-06,2025-01-29
116,65,24,2,4,2024-11-24,2024-12-03,2024-11-04
117,166,186,8,1,2023-12-21,2023-12-22,2023-12-11
118,15,32,7,5,2025-05-21,2025-05-22,2025-05-03
119,44,122,4,6,2025-08-02,2025-08-13,2025-07-05
120,316,103,6,4,2024-01-30,2024-02-08,2024-01-14
121,452,167,7,10,2024-09-03,2024-09-16,2024-08-20
122,149,190,3,6,2024-12-30,2025-01-02,2024-12-24
123,194,164,6,5,2023-09-10,2023-09-18,2023-08-20
124,470,66,2,5,2025-08-18,2025-08-31,2025-07-26
125,76,27,7,4,2024-01-29,2024-02-09,2024-01-14
126,173,92,2,5,2023-09-29,2023-10-03,2023-09-18
127,196,111,8,9,2025-04-12,2025-04-20,2025-03-14
128,464,195,6,4,2024-02-16,2024-02-27,2024-02-06
129,352,46,4,8,2024-03-28,2024-04-10,2024-03-24
130,284,48,4,1,2023-12-07,2023-12-21,2023-11-30
131,437,135,4,9,2024-03-25,2024-03-29,2024-03-03
132,68,14,2,1,2025-05-19,2025-05-28,2025-05-09
133,70,87,4,5,2025-05-17,2025-05-22,2025-04-24
134,407,21,3,6,2025-03-04,2025-03-15,2025-02-10
135,287,122,1,3,2023-11-25,2023-11-27,2023-10-28
136,70,50,7,2,2024-01-21,2024-02-01,2023-12-22
137,226,62,10,7,2023-09-04,2023-09-17,2023-08-30
138,343,60,9,2,2025-06-09,2025-06-22,2025-05-13
139,12,181,9,8,2025-02-22,2025-02-27,2025-02-16
140,201,10,10,9,2025-02-03,2025-02-13,2025-01-15
141,64,154,9,2,2025-08-27,2025-09-05,2025-07-29
142,389,93,10,9,2024-03-26,2024-04-01,2024-02-29
143,48,74,8,6,2024-09-22,2024-10-06,2024-09-16
144,5,181,4,4,2024-05-03,2024-05-11,2024-04-17
145,402,27,3,5,2024-06-03,2024-06-11,2024-05-23
146,265,59,3,2,2024-09-14,2024-09-21,2024-09-03
147,132,176,1,5,2024-04-25,2024-05-05,2024-04-02
148,111,85,6,2,2024-01-19,2024-01-22,2024-01-17
149,366,140,2,8,2023-09-07,2023-09-10,2023-08-16
150,351,171,8,2,2025-06-11,2025-06-22,2025-05-15
151,144,153,4,1,2025-01-03,2025-01-08,2024-12-22
152,219,183,1,3,2024-05-24,2024-05-27,2024-04-27
153,478,69,7,9,2024-07-18,2024-07-21,2024-06-27
154,341,5,9,9,2024-04-08,2024-04-12,2024-03-31
155,28,183,3,1,2024-11-11,2024-11-14,2024-11-06
156,349,18,8,3,2025-02-22,2025-03-03,2025-02-13
157,192,192,4,5,2025-01-20,2025-01-22,2025-01-02
158,87,35,1,6,2024-05-04,2024-05-05,2024-05-03
159,121,22,10,2,2025-01-14,2025-01-16,2025-01-01
160,197,51,7,7,2025-02-25,2025-03-03,2025-02-17
161,369,76,3,2,2024-07-02,2024-07-16,2024-06-22
162,244,97,4,8,2025-02-19,2025-03-04,2025-01-28
163,245,139,6,9,2024-10-09,2024-10-12,2024-10-03
164,142,186,7,7,2025-05-05,2025-05-13,2025-05-01
165,172,96,10,4,2024-12-22,2025-01-01,2024-12-09
166,215,48,5,4,2024-12-20,2024-12-21,2024-12-19
167,50,160,4,8,2025-01-18,2025-01-27,2024-12-19
168,88,20,10,7,2023-11-21,2023-11-23,2023-11-08
169,139,94,7,5,2024-06-27,2024-07-02,2024-06-21
170,426,116,2,6,2024-02-26,2024-03-10,2024-02-24
171,81,28,2,7,2025-08-07,2025-08-13,2025-07-30
172,378,103,8,10,2025-01-08,2025-01-21,2024-12-21
173,139,152,4,9,2024-05-24,2024-06-06,2024-04-26
174,95,8,8,5,2025-05-23,2025-05-31,2025-05-18
175,213,164,4,5,2023-12-11,2023-12-19,2023-11-26
176,422,185,2,10,2024-06-08,2024-06-10,2024-06-03
177,341,180,6,1,2025-07-29,2025-08-08,2025-07-01
178,451,138,9,5,2023-11-18,2023-11-20,2023-10-27
179,11,4,10,9,2023-09-11,2023-09-12,2023-08-12
180,390,183,3,7,2025-02-08,2025-02-17,2025-01-14
181,440,27,4,7,2024-03-27,2024-04-06,2024-03-25
182,131,107,9,9,2024-04-13,2024-04-21,2024-04-10
183,50,26,9,1,2025-06-07,2025-06-11,2025-05-31
184,159,160,8,6,2024-05-23,2024-05-30,2024-05-15
185,466,38,1,6,2024-12-14,2024-12-20,2024-11-24
186,9,163,9,6,2024-03-27,2024-04-04,2024-03-26
187,275,126,9,9,2024-03-29,2024-03-30,2024-03-01
188,462,5,6,4,2025-05-17,2025-05-19,2025-05-04
189,470,58,9,2,2023-09-04,2023-09-09,2023-08-13
190,288,60,3,4,2023-12-30,2024-01-01,2023-12-29
191,482,3,7,9,2023-09-04,2023-09-14,2023-08-12
192,81,123,9,10,2025-07-30,2025-08-09,2025-07-23
193,15,96,7,1,2025-01-21,2025-01-26,2024-12-29
194,270,81,8,4,2023-12-20,2023-12-28,2023-12-11
195,127,23,9,8,2025-02-11,2025-02-23,2025-01-13
196,327,106,5,3,2025-07-31,2025-08-11,2025-07-10
197,410,125,5,7,2025-07-20,2025-07-22,2025-07-12
198,282,172,5,5,2024-08-26,2024-09-06,2024-08-09
199,296,129,1,9,2025-07-18,2025-07-29,2025-06-22
200,218,190,6,1,2024-02-21,2024-02-22,2024-01-26
201,199,44,3,7,2025-07-15,2025-07-19,2025-07-08
202,160,96,9,7,2023-10-12,2023-10-23,2023-09-13
203,136,113,3,8,2023-12-03,2023-12-05,2023-11-03
204,70,100,8,3,2024-04-17,2024-04-23,2024-04-06
205,75,27,10,2,2025-01-31,2025-02-07,2025-01-13
206,461,45,5,2,2025-03-03,2025-03-15,2025-02-13
207,376,32,7,9,2025-04-18,2025-04-20,2025-04-14
208,151,81,10,9,2024-12-18,2024-12-27,2024-12-05
209,73,111,8,6,2024-09-24,2024-10-03,2024-09-06
210,79,84,1,1,2024-02-21,2024-02-24,2024-01-24
211,465,131,10,1,2025-05-10,2025-05-22,2025-04-12
212,288,88,10,8,2024-03-04,2024-03-09,2024-02-14
213,4,192,3,7,2024-08-25,2024-09-02,2024-08-23
214,217,36,9,7,2024-02-25,2024-03-06,2024-02-10
215,492,195,5,3,2023-11-03,2023-11-11,2023-10-24
216,287,99,10,2,2025-02-08,2025-02-11,2025-02-01
217,254,150,4,3,2025-02-03,2025-02-09,2025-01-10
218,333,72,3,7,2024-03-29,2024-03-30,2024-03-10
219,443,12,5,7,2025-07-18,2025-07-19,2025-06-20
220,380,143,6,5,2024-10-25,2024-10-29,2024-10-05
221,63,18,6,1,2025-06-02,2025-06-15,2025-05-05
222,167,188,4,10,2024-07-16,2024-07-21,2024-06-19
223,468,186,10,5,2025-06-18,2025-06-30,2025-05-21
224,388,9,3,4,2023-10-27,2023-11-06,2023-10-26
225,63,71,1,3,2023-11-05,2023-11-11,2023-10-10
226,89,111,7,5,2024-03-15,2024-03-22,2024-03-04
227,274,23,10,4,2024-08-29,2024-09-01,2024-08-26
228,78,162,6,3,2024-03-23,2024-03-27,2024-03-04
229,78,178,9,5,2024-04-02,2024-04-07,2024-03-31
230,132,96,8,9,2025-05-10,2025-05-20,2025-04-11
231,290,105,4,2,2024-03-03,2024-03-11,2024-02-08
232,474,16,10,1,2025-08-11,2025-08-20,2025-07-16
233,389,175,4,6,2025-01-17,2025-01-23,2025-01-05
234,310,199,5,4,2025-03-11,2025-03-21,2025-02-15
235,473,164,4,5,2023-09-03,2023-09-11,2023-08-31
236,29,62,2,4,2024-02-14,2024-02-28,2024-01-18
237,431,172,1,10,2024-08-31,2024-09-10,2024-08-07
238,133,15,2,5,2024-07-06,2024-07-07,2024-07-01
239,353,89,7,6,2024-10-12,2024-10-25,2024-10-01
240,251,101,6,9,2023-12-31,2024-01-07,2023-12-28
241,244,153,6,8,2023-12-27,2023-12-29,2023-11-29
242,489,122,7,1,2024-08-30,2024-09-12,2024-08-26
243,295,81,2,10,2024-09-08,2024-09-14,2024-08-12
244,46,197,4,1,2024-08-25,2024-09-07,2024-08-12
245,306,116,8,3,2025-04-23,2025-04-27,2025-03-30
246,206,27,2,8,2024-03-17,2024-03-21,2024-03-01
247,464,173,8,9,2023-09-02,2023-09-04,2023-08-19
248,280,141,8,5,2025-06-01,2025-06-04,2025-05-30
249,112,46,2,8,2025-02-21,2025-02-24,2025-02-02
250,339,166,9,3,2025-05-09,2025-05-16,2025-04-18
251,212,194,4,9,2024-03-01,2024-03-12,2024-02-15
252,342,1,4,9,2025-08-12,2025-08-25,2025-07-25
253,480,1,4,10,2024-07-14,2024-07-19,2024-07-01
254,225,10,8,1,2024-07-31,2024-08-11,2024-07-19
255,416,78,8,3,2024-04-29,2024-05-11,2024-04-02
256,330,70,10,5,2023-11-13,2023-11-15,2023-10-20
257,5,136,5,8,2024-05-29,2024-06-06,2024-05-18
258,239,83,9,9,2025-04-07,2025-04-17,2025-03-08
259,124,30,6,5,2024-06-02,2024-06-05,2024-05-31
260,255,149,9,5,2025-01-23,2025-02-04,2025-01-05
261,83,157,9,8,2024-11-29,2024-12-06,2024-11-06
262,457,139,7,2,2023-10-14,2023-10-19,2023-09-17
263,436,157,5,4,2023-12-04,2023-12-11,2023-11-21
264,443,89,6,5,2025-01-05,2025-01-18,2024-12-22
265,202,103,10,4,2023-11-28,2023-11-29,2023-11-04
266,176,59,6,3,2025-07-05,2025-07-06,2025-06-23
267,349,34,5,2,2025-04-11,2025-04-19,2025-03-13
268,326,28,2,9,2025-08-21,2025-08-24,2025-08-02
269,134,33,3,8,2024-11-25,2024-12-05,2024-10-29
270,105,19,7,2,2025-02-27,2025-03-12,2025-02-06
271,176,186,7,6,2023-09-30,2023-10-12,2023-08-31
272,444,81,10,7,2025-05-12,2025-05-22,2025-05-06
273,23,77,3,2,2023-11-01,2023-11-13,2023-10-21
274,296,116,7,1,2024-06-27,2024-07-03,2024-06-06
275,488,85,6,4,2024-05-11,2024-05-18,2024-05-05
276,441,88,9,3,2024-08-10,2024-08-22,2024-08-01
277,84,86,9,3,2024-07-17,2024-07-29,2024-07-07
278,435,10,10,6,2024-12-31,2025-01-11,2024-12-16
279,359,104,6,3,2024-01-26,2024-01-27,2024-01-15
280,80,93,9,8,2025-01-29,2025-02-02,2025-01-12
281,266,92,4,3,2025-07-14,2025-07-21,2025-07-06
282,47,138,10,9,2024-02-27,2024-03-05,2024-02-22
283,283,90,7,9,2024-02-16,2024-02-20,2024-02-08
284,247,122,3,3,2024-10-21,2024-11-02,2024-10-13
285,114,84,5,10,2024-09-18,2024-09-24,2024-09-13
286,81,143,4,9,2025-06-16,2025-06-24,2025-05-19
287,129,65,9,10,2025-03-15,2025-03-21,2025-02-28
288,354,198,4,1,2024-03-01,2024-03-11,2024-02-20
289,340,36,10,2,2025-06-30,2025-07-11,2025-06-13
290,450,4,10,6,2024-10-22,2024-10-23,2024-09-22
291,336,51,4,6,2024-11-29,2024-11-30,2024-11-27
292,34,52,9,4,2024-11-20,2024-12-04,2024-11-12
293,95,30,1,4,2024-06-08,2024-06-14,2024-06-07
294,164,148,5,10,2023-10-06,2023-10-10,2023-09-12
295,416,153,1,1,2024-08-06,2024-08-09,2024-07-13
296,278,82,1,1,2025-01-08,2025-01-17,2024-12-31
297,180,54,6,9,2025-07-21,2025-07-23,2025-07-01
298,274,50,5,10,2025-06-27,2025-07-11,2025-05-28
299,426,36,7,3,2024-12-29,2025-01-06,2024-12-11
300,475,70,1,3,2025-04-08,2025-04-12,2025-03-20
301,500,33,6,5,2025-02-28,2025-03-01,2025-02-07
302,447,52,1,3,2024-02-19,2024-03-02,2024-01-25
303,324,33,5,9,2024-08-05,2024-08-14,2024-07-28
304,132,147,9,3,2024-09-21,2024-10-03,2024-09-07
305,481,63,1,8,2025-05-13,2025-05-22,2025-04-29
306,97,66,5,7,2023-11-28,2023-12-09,2023-10-30
307,171,61,6,5,2023-09-23,2023-09-30,2023-09-14
308,344,199,8,7,2025-02-18,2025-02-27,2025-02-07
309,462,77,5,6,2025-04-20,2025-04-29,2025-04-08
310,3,183,9,8,2023-11-23,2023-11-27,2023-11-06
311,269,77,6,1,2025-05-24,2025-05-26,2025-05-10
312,473,23,6,8,2024-07-15,2024-07-19,2024-07-07
313,421,152,2,3,2025-03-18,2025-04-01,2025-03-01
314,446,116,6,4,2024-07-24,2024-07-25,2024-07-23
315,177,72,10,3,2025-03-17,2025-03-25,2025-02-24
316,429,24,9,5,2025-03-15,2025-03-25,2025-03-06
317,43,134,2,3,2024-02-11,2024-02-19,2024-02-07
318,62,54,8,9,2024-05-04,2024-05-06,2024-04-05
319,9,94,3,8,2025-06-09,2025-06-22,2025-05-13
320,82,198,3,2,2024-11-30,2024-12-14,2024-11-02
321,267,97,2,7,2023-12-03,2023-12-16,2023-11-04
322,384,164,4,8,2025-07-05,2025-07-17,2025-06-07
323,319,176,4,9,2024-12-02,2024-12-16,2024-11-14
324,89,139,1,10,2025-01-27,2025-01-30,2025-01-07
325,482,182,6,6,2025-04-06,2025-04-15,2025-03-23
326,223,11,2,7,2023-09-18,2023-09-24,2023-09-07
327,121,21,1,3,2024-02-26,2024-03-02,2024-02-06
328,33,50,10,9,2025-04-02,2025-04-04,2025-03-06
329,240,175,3,1,2025-05-02,2025-05-14,2025-04-03
330,193,92,4,9,2024-11-07,2024-11-10,2024-10-29
331,351,82,9,8,2025-04-09,2025-04-17,2025-03-26
332,415,86,4,2,2024-08-30,2024-09-08,2024-08-26
333,348,37,10,3,2025-01-14,2025-01-18,2025-01-01
334,287,95,10,2,2024-10-03,2024-10-07,2024-10-02
335,123,80,10,10,2024-06-09,2024-06-18,2024-06-04
336,237,98,5,2,2025-07-19,2025-07-29,2025-07-18
337,49,86,9,3,2023-12-21,2024-01-01,2023-12-11
338,146,141,10,8,2023-10-17,2023-10-28,2023-10-07
339,292,65,7,6,2025-06-15,2025-06-23,2025-05-24
340,461,47,4,9,2024-02-23,2024-03-07,2024-02-07
341,104,188,6,4,2023-12-23,2023-12-28,2023-12-18
342,185,86,6,4,2024-02-12,2024-02-19,2024-01-24
343,313,82,9,1,2025-08-07,2025-08-20,2025-08-03
344,177,197,10,7,2024-07-08,2024-07-22,2024-06-18
345,494,63,8,6,2024-07-14,2024-07-20,2024-07-01
346,492,85,3,7,2024-07-21,2024-08-02,2024-07-15
347,322,115,7,6,2025-08-16,2025-08-28,2025-07-28
348,307,135,6,1,2024-09-14,2024-09-20,2024-08-25
349,156,34,4,7,2025-02-27,2025-03-03,2025-02-26
350,209,193,4,6,2023-09-25,2023-09-26,2023-09-08
351,392,181,6,9,2025-02-14,2025-02-16,2025-01-25
352,159,157,7,2,2024-10-15,2024-10-22,2024-10-10
353,64,3,1,4,2024-09-23,2024-09-28,2024-08-29
354,214,55,5,5,2025-03-25,2025-04-07,2025-03-13
355,231,108,4,2,2025-05-14,2025-05-28,2025-04-17
356,236,53,3,1,2023-11-25,2023-11-29,2023-11-15
357,216,116,9,4,2023-11-12,2023-11-23,2023-10-15
358,150,114,3,8,2024-03-23,2024-04-02,2024-03-06
359,124,83,7,6,2025-02-16,2025-02-24,2025-01-19
360,395,32,6,3,2024-12-21,2024-12-26,2024-12-06
361,65,141,3,1,2024-11-01,2024-11-03,2024-10-30
362,318,69,4,2,2024-04-19,2024-05-01,2024-04-05
363,368,120,8,5,2024-12-18,2024-12-30,2024-11-26
364,444,68,10,8,2024-10-24,2024-10-27,2024-10-19
365,181,174,4,6,2025-04-24,2025-04-27,2025-04-06
366,119,34,8,7,2025-01-03,2025-01-11,2024-12-29
367,448,24,6,9,2024-06-11,2024-06-19,2024-05-17
368,452,161,3,4,2023-11-24,2023-12-07,2023-10-28
369,26,20,9,6,2025-08-12,2025-08-13,2025-07-16
370,239,100,1,1,2023-12-25,2024-01-03,2023-12-01
371,331,166,7,1,2025-04-04,2025-04-08,2025-03-12
372,311,20,7,3,2023-10-24,2023-10-29,2023-10-07
373,167,188,7,5,2024-05-15,2024-05-20,2024-05-03
374,397,188,8,9,2024-11-23,2024-11-28,2024-11-09
375,107,125,1,6,2025-05-21,2025-05-23,2025-05-11
376,438,1,1,6,2024-01-26,2024-02-05,2023-12-29
377,310,84,4,2,2025-05-28,2025-06-01,2025-05-11
378,498,117,8,7,2024-10-29,2024-11-11,2024-10-12
379,272,2,2,3,2024-09-22,2024-10-03,2024-09-15
380,470,127,9,6,2025-01-11,2025-01-16,2025-01-02
381,214,175,4,7,2025-07-13,2025-07-20,2025-06-19
382,33,180,1,4,2025-06-11,2025-06-19,2025-05-16
383,243,69,2,2,2024-07-04,2024-07-18,2024-06-20
384,362,198,1,9,2025-06-19,2025-06-25,2025-05-24
385,102,164,4,4,2023-10-04,2023-10-11,2023-09-16
386,104,57,7,7,2024-01-31,2024-02-12,2024-01-11
387,470,2,3,5,2024-05-15,2024-05-17,2024-05-01
388,166,143,8,1,2023-10-02,2023-10-09,2023-09-19
389,186,194,7,4,2024-04-15,2024-04-27,2024-03-16
390,416,123,9,6,2023-11-30,2023-12-02,2023-11-01
391,204,67,1,8,2024-05-01,2024-05-06,2024-04-04
392,292,75,3,5,2025-01-27,2025-02-08,2025-01-23
393,131,41,6,10,2024-10-28,2024-10-29,2024-10-01
394,93,17,9,10,2024-02-10,2024-02-24,2024-02-09
395,267,143,6,9,2023-10-06,2023-10-12,2023-09-26
396,239,194,10,7,2024-11-23,2024-12-06,2024-10-29
397,34,184,2,9,2025-05-13,2025-05-23,2025-04-27
398,360,197,10,5,2025-07-18,2025-07-29,2025-06-23
399,438,132,2,6,2024-03-18,2024-03-26,2024-03-05
400,336,108,2,10,2025-02-21,2025-02-22,2025-02-11
401,140,200,4,4,2024-02-13,2024-02-15,2024-02-01
402,154,2,1,6,2025-01-08,2025-01-18,2024-12-09
403,204,179,8,7,2024-11-24,2024-12-01,2024-11-23
404,144,158,8,9,2025-02-22,2025-03-06,2025-02-07
405,14,159,4,8,2025-06-07,2025-06-10,2025-05-27
406,485,17,3,8,2025-04-17,2025-04-22,2025-03-21
407,488,29,8,3,2024-11-05,2024-11-06,2024-11-02
408,247,76,6,4,2025-07-26,2025-07-31,2025-07-19
409,441,89,3,3,2025-04-15,2025-04-26,2025-04-11
410,465,7,4,9,2024-05-13,2024-05-17,2024-05-03
411,46,169,8,8,2024-11-15,2024-11-20,2024-10-21
412,445,111,2,9,2024-11-20,2024-11-28,2024-11-16
413,270,48,9,2,2025-01-13,2025-01-18,2025-01-05
414,52,31,10,9,2025-04-13,2025-04-25,2025-04-12
415,41,163,8,3,2023-08-29,2023-08-30,2023-08-25
416,11,189,9,4,2024-02-20,2024-02-24,2024-02-07
417,444,51,5,10,2025-05-12,2025-05-17,2025-05-04
418,390,111,7,10,2024-11-16,2024-11-23,2024-11-04
419,411,67,7,5,2024-01-20,2024-01-23,2023-12-26
420,68,59,7,10,2024-04-08,2024-04-19,2024-03-27
421,97,161,1,8,2025-03-02,2025-03-12,2025-03-01
422,95,163,5,5,2025-01-30,2025-02-10,2024-12-31
423,288,103,5,2,2023-11-26,2023-11-27,2023-11-02
424,199,121,3,8,2024-12-30,2025-01-13,2024-12-07
425,40,151,7,8,2024-10-21,2024-10-25,2024-10-05
426,187,3,5,9,2024-02-23,2024-03-05,2024-02-13
427,329,115,1,8,2024-03-02,2024-03-06,2024-02-29
428,466,169,6,3,2023-10-12,2023-10-19,2023-09-28
429,80,153,2,3,2024-03-19,2024-03-23,2024-03-17
430,162,114,8,3,2025-07-11,2025-07-12,2025-06-15
431,112,134,4,7,2025-06-10,2025-06-16,2025-06-04
432,61,181,2,3,2025-09-05,2025-09-12,2025-08-06
433,267,177,5,10,2025-02-03,2025-02-10,2025-01-09
434,421,109,6,8,2024-10-17,2024-10-29,2024-09-30
435,265,116,10,4,2024-05-01,2024-05-05,2024-04-05
436,301,54,4,10,2023-10-09,2023-10-12,2023-10-02
437,125,10,4,3,2024-04-13,2024-04-24,2024-03-17
438,291,88,9,6,2025-04-27,2025-05-04,2025-04-02
439,386,56,7,9,2025-07-02,2025-07-13,2025-06-05
440,337,107,8,3,2025-07-28,2025-08-05,2025-07-20
441,482,118,1,3,2024-10-15,2024-10-16,2024-10-02
442,383,117,1,7,2024-10-24,2024-10-31,2024-09-27
443,65,200,9,8,2023-11-22,2023-11-29,2023-10-27
444,191,199,10,1,2023-10-03,2023-10-14,2023-09-09
445,245,137,10,5,2025-02-24,2025-03-01,2025-02-08
446,363,19,4,8,2024-02-07,2024-02-10,2024-01-14
447,52,173,3,10,2024-03-04,2024-03-12,2024-02-14
448,150,142,3,5,2025-05-23,2025-05-31,2025-05-07
449,325,139,4,3,2025-02-04,2025-02-13,2025-02-01
450,381,28,9,10,2024-10-09,2024-10-10,2024-09-15
451,68,75,2,9,2023-11-23,2023-12-05,2023-11-15
452,104,60,6,4,2025-07-07,2025-07-18,2025-06-11
453,365,75,3,8,2023-08-21,2023-08-26,2023-08-13
454,317,30,1,2,2023-10-29,2023-11-10,2023-10-20
455,342,12,3,10,2024-04-19,2024-04-25,2024-04-02
456,112,181,1,6,2025-04-28,2025-05-04,2025-04-06
457,381,118,5,6,2024-12-29,2024-12-30,2024-11-29
458,403,124,2,10,2023-11-25,2023-12-07,2023-11-23
459,162,90,9,9,2023-10-12,2023-10-21,2023-09-19
460,26,28,1,6,2025-01-23,2025-01-25,2025-01-18
461,394,89,2,5,2025-07-11,2025-07-15,2025-06-12
462,111,182,4,6,2024-06-25,2024-06-29,2024-06-19
463,203,175,5,10,2025-05-03,2025-05-06,2025-04-17
464,70,33,10,4,2024-06-04,2024-06-11,2024-05-06
465,173,15,8,5,2025-07-01,2025-07-09,2025-06-29
466,379,95,7,6,2023-11-11,2023-11-12,2023-10-19
467,447,186,4,7,2024-04-15,2024-04-28,2024-03-25
468,282,75,5,4,2025-03-14,2025-03-17,2025-02-17
469,81,195,7,5,2024-03-04,2024-03-05,2024-02-10
470,303,29,2,3,2023-10-29,2023-10-31,2023-10-14
471,91,119,9,10,2025-08-10,2025-08-24,2025-08-07
472,236,99,10,1,2025-07-16,2025-07-28,2025-06-26
473,107,10,7,8,2023-10-30,2023-11-09,2023-10-16
474,138,130,7,2,2024-12-23,2025-01-03,2024-12-03
475,452,11,8,9,2024-09-14,2024-09-18,2024-09-01
476,227,35,4,8,2024-07-27,2024-08-07,2024-07-12
477,415,105,4,7,2023-08-27,2023-09-01,2023-08-22
478,293,171,3,2,2024-02-28,2024-03-07,2024-02-01
479,331,80,8,1,2023-11-29,2023-12-09,2023-11-12
480,248,107,10,5,2024-09-09,2024-09-11,2024-08-21
481,151,91,7,4,2025-05-16,2025-05-26,2025-05-01
482,226,150,5,5,2024-10-28,2024-11-04,2024-10-13
483,47,150,9,10,2025-07-21,2025-07-22,2025-07-07
484,30,59,8,4,2023-10-17,2023-10-22,2023-10-11
485,418,168,2,9,2023-09-18,2023-09-24,2023-08-28
486,147,69,7,5,2023-08-24,2023-09-01,2023-08-22
487,114,148,4,8,2025-02-03,2025-02-06,2025-01-07
488,212,134,4,10,2024-01-03,2024-01-12,2023-12-14
489,423,80,4,10,2024-05-23,2024-06-04,2024-05-08
490,344,98,9,8,2024-11-23,2024-12-03,2024-11-10
491,96,145,9,9,2024-11-15,2024-11-20,2024-10-27
492,382,194,5,2,2024-07-28,2024-08-01,2024-07-18
493,424,195,3,7,2023-11-28,2023-12-07,2023-11-27
494,171,173,7,5,2024-02-05,2024-02-10,2024-01-19
495,329,14,6,8,2025-07-26,2025-08-05,2025-07-16
496,323,140,8,3,2024-11-02,2024-11-08,2024-11-01
497,393,159,9,7,2024-01-30,2024-02-01,2024-01-11
498,356,109,7,1,2025-01-28,2025-02-05,2025-01-02
499,234,98,9,8,2024-11-17,2024-11-28,2024-10-18
500,102,42,10,5,2023-11-01,2023-11-02,2023-10-02
501,307,63,3,5,2024-08-04,2024-08-05,2024-07-05
502,495,87,9,3,2023-12-10,2023-12-18,2023-11-23
503,55,122,6,9,2024-10-28,2024-11-07,2024-10-25
504,105,6,4,2,2025-02-18,2025-02-22,2025-02-04
505,37,197,7,9,2023-12-14,2023-12-25,2023-12-07
506,315,5,7,2,2024-12-30,2025-01-09,2024-12-19
507,266,81,8,3,2024-10-06,2024-10-09,2024-09-30
508,274,167,10,8,2025-06-11,2025-06-23,2025-05-15
509,339,94,7,8,2024-06-04,2024-06-11,2024-05-19
510,22,190,6,1,2023-10-21,2023-10-25,2023-10-19
511,194,28,4,3,2024-07-09,2024-07-21,2024-06-22
512,8,20,8,7,2024-04-18,2024-04-29,2024-03-19
513,179,72,1,1,2025-06-11,2025-06-18,2025-05-30
514,365,182,5,4,2024-06-25,2024-06-29,2024-06-01
515,181,181,2,9,2023-11-21,2023-12-04,2023-11-18
516,101,176,7,3,2023-09-22,2023-09-26,2023-09-06
517,411,45,4,6,2024-03-13,2024-03-16,2024-02-27
518,465,172,6,4,2023-09-24,2023-09-29,2023-08-26
519,127,134,9,6,2023-10-26,2023-10-29,2023-10-08
520,480,25,10,6,2024-10-02,2024-10-03,2024-09-04
521,24,196,10,4,2025-07-02,2025-07-03,2025-07-01
522,63,27,5,10,2024-01-14,2024-01-17,2023-12-20
523,8,68,4,8,2023-12-26,2024-01-06,2023-12-07
524,196,133,6,9,2024-05-12,2024-05-18,2024-05-05
525,58,13,8,8,2025-02-13,2025-02-26,2025-02-02
526,55,179,10,9,2023-12-24,2023-12-27,2023-12-09
527,318,152,4,9,2024-01-14,2024-01-25,2024-01-08
528,40,59,8,6,2024-02-14,2024-02-18,2024-01-28
529,236,177,6,5,2025-07-05,2025-07-12,2025-06-12
530,148,169,9,7,2025-07-10,2025-07-16,2025-07-06
531,60,182,3,6,2025-04-15,2025-04-18,2025-03-18
532,357,47,2,1,2024-06-26,2024-07-09,2024-06-18
533,459,144,9,10,2025-02-28,2025-03-12,2025-02-10
534,162,29,9,1,2023-10-01,2023-10-09,2023-09-30
535,69,105,1,8,2023-08-27,2023-09-08,2023-08-12
536,166,29,7,4,2023-09-14,2023-09-28,2023-09-02
537,49,71,2,8,2024-10-26,2024-11-02,2024-09-30
538,278,128,2,6,2024-03-23,2024-03-28,2024-02-24
539,351,169,9,1,2024-10-02,2024-10-05,2024-09-29
540,158,113,10,2,2025-07-13,2025-07-23,2025-06-26
541,251,138,3,6,2025-01-30,2025-02-11,2025-01-29
542,331,114,8,7,2024-03-07,2024-03-16,2024-02-12
543,22,85,1,3,2024-02-18,2024-02-26,2024-02-15
544,442,5,9,6,2024-05-27,2024-06-09,2024-05-11
545,245,27,7,1,2024-01-26,2024-02-07,2024-01-20
546,12,72,10,2,2023-10-17,2023-10-23,2023-10-11
547,214,110,6,8,2024-04-09,2024-04-15,2024-04-05
548,329,28,7,10,2025-08-24,2025-08-28,2025-08-04
549,490,16,10,1,2024-01-17,2024-01-20,2023-12-26
550,489,56,5,6,2024-06-20,2024-06-26,2024-06-12
551,457,40,8,4,2024-12-12,2024-12-20,2024-11-27
552,402,82,8,10,2024-02-25,2024-03-03,2024-02-16
553,456,87,8,6,2024-04-23,2024-04-30,2024-04-02
554,171,80,10,5,2025-02-27,2025-03-02,2025-01-31
555,243,63,2,3,2024-02-28,2024-03-09,2024-02-17
556,363,84,2,3,2024-10-25,2024-11-05,2024-09-26
557,139,33,7,1,2023-12-18,2023-12-29,2023-12-03
558,442,178,4,2,2024-02-17,2024-02-27,2024-01-31
559,304,56,9,7,2025-07-21,2025-08-04,2025-07-04
560,36,199,9,6,2025-02-21,2025-02-26,2025-02-14
561,352,181,9,5,2023-11-20,2023-12-02,2023-11-06
562,256,60,9,9,2025-02-18,2025-02-26,2025-02-15
563,479,189,8,9,2024-08-11,2024-08-19,2024-08-07
564,26,87,4,3,2024-09-11,2024-09-15,2024-09-08
565,416,73,7,4,2024-01-10,2024-01-12,2023-12-14
566,129,102,5,8,2024-10-03,2024-10-07,2024-09-19
567,232,156,1,7,2024-10-20,2024-11-01,2024-10-14
568,258,156,3,9,2023-12-27,2024-01-01,2023-12-20
569,48,91,5,4,2025-05-25,2025-06-02,2025-04-30
570,267,134,10,3,2023-11-10,2023-11-20,2023-10-28
571,249,59,9,7,2024-12-25,2025-01-06,2024-12-23
572,430,76,7,10,2025-03-29,2025-04-12,2025-03-16
573,339,2,9,9,2023-09-04,2023-09-15,2023-08-31
574,201,40,4,1,2023-11-21,2023-11-27,2023-11-08
575,173,47,8,4,2023-10-23,2023-10-28,2023-10-06
576,305,97,7,9,2025-03-18,2025-03-25,2025-02-25
577,25,98,3,10,2024-02-24,2024-03-09,2024-02-04
578,156,191,2,4,2025-01-25,2025-02-06,2025-01-23
579,202,132,3,9,2024-02-17,2024-02-19,2024-01-23
580,57,136,1,3,2025-03-02,2025-03-03,2025-02-19
581,330,195,7,9,2025-04-28,2025-05-02,2025-04-04
582,492,187,8,1,2024-02-04,2024-02-11,2024-01-13
583,329,10,1,7,2025-02-06,2025-02-12,2025-01-16
584,285,83,1,8,2024-10-24,2024-11-01,2024-10-03
585,337,73,8,6,2025-08-28,2025-09-08,2025-08-10
586,115,184,1,7,2024-01-11,2024-01-17,2024-01-09
587,427,103,9,8,2025-08-13,2025-08-16,2025-07-31
588,1,150,9,7,2025-05-31,2025-06-10,2025-05-10
589,404,192,7,9,2025-05-02,2025-05-13,2025-04-29
590,50,188,1,6,2023-11-03,2023-11-09,2023-10-17
591,458,10,2,2,2024-12-19,2024-12-28,2024-11-26
592,164,169,8,5,2025-02-18,2025-02-21,2025-01-25
593,363,147,7,5,2024-12-05,2024-12-09,2024-11-25
594,217,133,8,3,2025-02-26,2025-03-03,2025-02-13
595,190,54,3,9,2025-04-25,2025-05-01,2025-04-23
596,182,61,1,5,2023-10-16,2023-10-19,2023-10-03
597,79,142,10,2,2023-09-05,2023-09-09,2023-08-29
598,247,70,7,6,2025-08-12,2025-08-22,2025-08-05
599,461,57,3,10,2024-09-03,2024-09-12,2024-08-18
600,138,88,8,8,2024-05-11,2024-05-18,2024-04-27
601,149,68,5,5,2024-01-04,2024-01-16,2023-12-06
602,344,70,6,4,2024-04-11,2024-04-18,2024-03-16
603,23,93,5,6,2024-10-19,2024-10-25,2024-09-19
604,28,19,10,1,2024-12-17,2024-12-21,2024-12-04
605,81,107,9,7,2025-03-17,2025-03-25,2025-03-07
606,477,107,4,8,2024-12-11,2024-12-23,2024-11-16
607,382,36,1,6,2023-10-21,2023-11-04,2023-10-17
608,226,129,5,7,2025-05-03,2025-05-05,2025-04-03
609,4,196,9,2,2023-11-01,2023-11-13,2023-10-28
610,362,106,7,8,2025-01-18,2025-01-22,2024-12-26
611,180,183,3,10,2023-08-30,2023-09-11,2023-08-20
612,208,92,5,9,2024-08-12,2024-08-26,2024-08-11
613,34,74,5,3,2025-04-18,2025-04-23,2025-03-26
614,43,82,8,8,2025-02-23,2025-03-03,2025-02-07
615,330,71,4,9,2025-06-27,2025-07-07,2025-06-12
616,78,106,2,10,2024-06-20,2024-06-24,2024-06-06
617,257,131,5,6,2025-02-20,2025-02-25,2025-02-10
618,281,119,3,10,2024-08-30,2024-09-07,2024-08-07
619,241,107,10,6,2023-09-17,2023-09-23,2023-08-26
620,104,83,6,4,2024-07-21,2024-07-24,2024-07-16
621,362,112,3,5,2024-10-11,2024-10-12,2024-10-05
622,15,107,10,9,2024-08-25,2024-08-30,2024-08-10
623,418,108,10,1,2024-03-14,2024-03-17,2024-02-28
624,358,125,9,5,2024-01-09,2024-01-19,2023-12-30
625,190,180,4,1,2025-03-24,2025-03-30,2025-03-10
626,274,146,9,2,2024-11-10,2024-11-14,2024-10-21
627,30,127,7,3,2025-04-15,2025-04-21,2025-03-22
628,340,129,9,5,2024-03-02,2024-03-09,2024-03-01
629,477,99,10,9,2024-06-24,2024-06-25,2024-05-28
630,481,139,1,4,2024-05-20,2024-06-02,2024-05-01
631,263,180,5,1,2024-04-09,2024-04-19,2024-03-20
632,424,45,3,9,2024-07-25,2024-08-08,2024-07-09
633,33,62,9,10,2024-05-12,2024-05-22,2024-05-08
634,60,133,6,9,2024-11-02,2024-11-07,2024-10-12
635,39,95,2,9,2025-06-11,2025-06-24,2025-05-31
636,159,148,3,6,2024-11-18,2024-11-28,2024-11-05
637,224,154,5,4,2023-10-19,2023-11-02,2023-09-21
638,117,188,2,4,2025-01-03,2025-01-08,2024-12-10
639,185,15,7,5,2023-09-22,2023-10-04,2023-09-18
640,206,14,5,3,2025-01-21,2025-01-30,2024-12-25
641,116,168,8,5,2024-09-28,2024-10-12,2024-09-19
642,350,148,8,7,2025-04-30,2025-05-14,2025-04-14
643,387,164,10,7,2024-06-11,2024-06-20,2024-05-28
644,368,136,7,8,2023-11-13,2023-11-16,2023-10-19
645,365,53,3,8,2023-12-17,2023-12-26,2023-11-22
646,266,13,6,1,2025-06-23,2025-06-24,2025-05-31
647,114,2,9,10,2023-11-03,2023-11-15,2023-10-27
648,74,187,7,8,2025-05-07,2025-05-10,2025-04-26
649,88,158,3,7,2025-06-08,2025-06-09,2025-05-19
650,80,162,3,1,2024-01-03,2024-01-07,2024-01-02
651,109,93,6,2,2025-05-14,2025-05-17,2025-04-19
652,19,46,5,10,2024-05-02,2024-05-07,2024-04-03
653,168,135,8,1,2024-08-20,2024-08-29,2024-08-15
654,359,144,9,2,2025-01-16,2025-01-19,2025-01-13
655,134,101,5,9,2023-08-28,2023-09-05,2023-08-11
656,233,61,1,4,2025-07-07,2025-07-09,2025-06-25
657,205,125,4,7,2024-04-29,2024-05-13,2024-04-23
658,15,127,4,8,2023-10-09,2023-10-15,2023-09-13
659,312,144,5,4,2025-06-11,2025-06-21,2025-05-12
660,460,119,5,2,2024-01-14,2024-01-16,2023-12-23
661,302,153,2,4,2024-01-16,2024-01-19,2024-01-10
662,347,92,1,10,2023-09-22,2023-09-30,2023-08-31
663,255,20,4,4,2024-11-05,2024-11-17,2024-10-11
664,364,109,5,2,2025-08-10,2025-08-11,2025-07-16
665,293,24,6,7,2025-01-05,2025-01-10,2024-12-24
666,20,84,9,1,2024-11-11,2024-11-14,2024-11-08
667,375,182,1,1,2024-01-16,2024-01-19,2024-01-02
668,327,195,3,10,2023-08-27,2023-09-06,2023-08-19
669,272,33,5,6,2024-04-01,2024-04-11,2024-03-07
670,195,155,8,3,2025-06-07,2025-06-19,2025-05-20
671,152,71,9,5,2024-03-22,2024-04-04,2024-03-15
672,311,194,9,5,2024-09-17,2024-09-30,2024-08-20
673,144,20,6,7,2024-09-18,2024-09-30,2024-09-14
674,426,19,2,1,2024-10-05,2024-10-17,2024-09-13
675,150,98,2,9,2024-12-02,2024-12-05,2024-11-15
676,53,46,4,9,2024-10-29,2024-11-06,2024-10-24
677,121,171,8,8,2025-03-04,2025-03-09,2025-02-07
678,325,170,7,7,2024-03-11,2024-03-12,2024-02-18
679,493,85,4,6,2024-08-04,2024-08-05,2024-07-09
680,1,66,7,6,2024-12-18,2024-12-27,2024-12-08
681,230,98,8,3,2024-07-02,2024-07-04,2024-06-19
682,491,3,7,10,2025-05-17,2025-05-26,2025-04-19
683,13,108,7,8,2023-11-06,2023-11-17,2023-10-13
684,430,16,6,9,2023-08-28,2023-09-05,2023-08-22
685,118,168,2,6,2025-08-21,2025-09-01,2025-08-05
686,168,131,7,2,2025-02-06,2025-02-11,2025-01-22
687,100,98,9,3,2024-06-10,2024-06-23,2024-05-24
688,335,193,3,9,2024-08-29,2024-09-12,2024-08-05
689,237,148,8,4,2024-02-15,2024-02-23,2024-01-19
690,479,185,4,6,2024-06-08,2024-06-16,2024-05-28
691,402,52,10,9,2025-05-11,2025-05-19,2025-05-09
692,303,187,5,7,2025-06-15,2025-06-23,2025-06-02
693,22,20,10,3,2024-10-05,2024-10-15,2024-09-05
694,82,176,8,4,2025-02-19,2025-02-25,2025-02-06
695,457,166,8,9,2024-10-16,2024-10-23,2024-09-29
696,261,16,5,10,2025-03-20,2025-03-31,2025-03-02
697,331,174,8,1,2023-08-30,2023-09-02,2023-08-21
698,438,56,7,3,2023-10-22,2023-11-01,2023-10-13
699,278,134,7,5,2024-08-14,2024-08-18,2024-08-10
700,316,33,3,9,2024-10-01,2024-10-11,2024-09-01
701,402,64,9,10,2025-02-14,2025-02-21,2025-01-30
702,444,50,3,3,2024-12-03,2024-12-15,2024-11-05
703,458,89,10,3,2024-07-09,2024-07-12,2024-06-10
704,359,148,1,6,2024-05-16,2024-05-23,2024-05-14
705,292,14,4,3,2024-08-20,2024-08-28,2024-08-05
706,315,161,10,10,2025-05-10,2025-05-16,2025-05-05
707,318,56,3,6,2024-11-30,2024-12-04,2024-11-01
708,495,35,10,6,2025-08-06,2025-08-19,2025-07-09
709,321,145,5,8,2023-10-28,2023-11-11,2023-10-20
710,218,104,3,2,2025-06-04,2025-06-08,2025-05-12
711,407,162,8,9,2023-10-10,2023-10-21,2023-09-16
712,385,5,5,4,2024-09-03,2024-09-10,2024-08-06
713,219,49,4,7,2024-10-08,2024-10-10,2024-09-30
714,141,78,4,6,2025-01-22,2025-01-23,2025-01-11
715,247,89,6,6,2024-05-25,2024-06-06,2024-05-06
716,195,3,5,2,2024-06-05,2024-06-06,2024-05-17
717,484,95,8,5,2024-08-18,2024-08-25,2024-07-22
718,275,127,6,7,2024-03-23,2024-03-26,2024-03-03
719,292,195,3,7,2024-08-20,2024-08-22,2024-07-25
720,281,186,9,6,2024-10-01,2024-10-06,2024-09-15
721,159,174,10,9,2025-02-19,2025-03-05,2025-01-22
722,95,153,2,2,2025-01-29,2025-02-02,2025-01-04
723,493,172,9,5,2023-09-19,2023-09-29,2023-08-23
724,450,112,5,3,2023-10-19,2023-10-29,2023-09-26
725,78,100,9,3,2025-03-03,2025-03-12,2025-02-06
726,98,36,8,4,2024-06-18,2024-06-19,2024-05-27
727,258,107,5,7,2024-01-12,2024-01-22,2023-12-25
728,390,66,3,2,2023-10-09,2023-10-11,2023-09-14
729,294,172,1,6,2024-08-30,2024-09-07,2024-08-18
730,411,138,2,6,2025-04-20,2025-04-21,2025-04-06
731,37,83,7,4,2025-05-04,2025-05-16,2025-04-23
732,178,72,8,9,2023-09-03,2023-09-12,2023-08-27
733,451,164,5,10,2025-08-04,2025-08-16,2025-07-31
734,126,29,1,3,2025-08-07,2025-08-11,2025-07-22
735,46,125,10,8,2024-11-30,2024-12-05,2024-11-08
736,248,2,2,6,2024-07-10,2024-07-15,2024-06-28
737,157,5,6,3,2024-01-04,2024-01-07,2024-01-03
738,179,105,8,3,2025-05-02,2025-05-09,2025-04-03
739,213,10,5,8,2025-03-27,2025-04-04,2025-03-20
740,288,123,3,9,2025-06-30,2025-07-14,2025-06-16
741,429,121,9,1,2025-02-14,2025-02-28,2025-01-19
742,278,97,9,6,2024-04-30,2024-05-04,2024-04-11
743,122,12,1,4,2024-08-06,2024-08-15,2024-07-25
744,270,37,7,1,2025-06-08,2025-06-13,2025-05-21
745,79,38,3,7,2024-07-30,2024-08-06,2024-07-15
746,253,200,4,2,2024-08-01,2024-08-12,2024-07-07
747,314,22,9,5,2024-03-30,2024-04-12,2024-03-21
748,119,94,8,2,2024-02-07,2024-02-12,2024-01-15
749,160,52,6,9,2025-02-25,2025-03-04,2025-02-24
750,271,80,2,4,2024-05-13,2024-05-17,2024-04-18
751,125,19,10,3,2024-11-25,2024-12-09,2024-11-18
752,168,179,8,4,2024-05-28,2024-06-07,2024-04-30
753,219,65,7,5,2025-04-13,2025-04-18,2025-03-14
754,449,156,8,4,2025-08-14,2025-08-21,2025-07-21
755,331,47,8,1,2023-11-03,2023-11-11,2023-10-24
756,191,111,1,6,2024-03-31,2024-04-14,2024-03-13
757,358,1,8,3,2024-11-01,2024-11-05,2024-10-30
758,55,89,3,4,2024-08-16,2024-08-17,2024-08-14
759,78,189,8,5,2025-03-13,2025-03-25,2025-03-04
760,355,19,2,1,2025-03-01,2025-03-08,2025-02-16
761,20,111,3,2,2024-03-25,2024-03-31,2024-03-19
762,332,70,8,6,2024-07-25,2024-08-04,2024-07-08
763,346,158,6,6,2024-12-24,2024-12-25,2024-12-12
764,467,194,8,8,2025-01-03,2025-01-13,2024-12-15
765,50,172,1,8,2025-04-25,2025-04-28,2025-04-19
766,286,27,2,2,2023-09-19,2023-10-03,2023-09-11
767,489,73,9,3,2025-08-13,2025-08-27,2025-07-26
768,443,63,5,8,2024-11-24,2024-11-25,2024-10-28
769,449,87,3,2,2024-07-27,2024-07-30,2024-07-22
770,164,143,4,9,2025-05-26,2025-06-05,2025-04-29
771,7,138,3,6,2023-10-10,2023-10-20,2023-10-03
772,230,147,7,6,2024-12-13,2024-12-15,2024-12-07
773,64,121,7,10,2025-01-15,2025-01-18,2024-12-30
774,26,119,2,5,2025-07-09,2025-07-15,2025-06-24
775,323,86,8,5,2024-02-26,2024-03-09,2024-02-22
776,345,8,10,10,2025-07-16,2025-07-22,2025-07-03
777,54,47,4,2,2025-01-28,2025-01-31,2024-12-29
778,251,104,5,9,2024-06-24,2024-06-26,2024-06-10
779,123,64,9,4,2025-03-13,2025-03-17,2025-02-11
780,412,155,2,9,2024-09-08,2024-09-22,2024-08-09
781,361,52,5,6,2024-12-13,2024-12-20,2024-12-07
782,138,191,5,3,2023-10-22,2023-11-05,2023-10-07
783,29,157,6,8,2024-01-25,2024-01-29,2024-01-03
784,121,60,5,4,2024-03-17,2024-03-25,2024-03-06
785,343,24,3,1,2024-10-07,2024-10-16,2024-10-04
786,310,183,9,8,2023-09-13,2023-09-17,2023-09-12
787,114,34,9,4,2023-08-22,2023-08-25,2023-08-15
788,137,134,5,6,2024-07-20,2024-07-28,2024-06-27
789,403,164,5,6,2023-12-28,2024-01-09,2023-12-07
790,74,159,10,4,2025-05-19,2025-05-27,2025-05-06
791,282,167,1,10,2025-07-11,2025-07-17,2025-06-30
792,156,145,6,2,2024-03-30,2024-04-07,2024-03-13
793,167,125,2,10,2024-06-02,2024-06-12,2024-05-27
794,108,171,5,6,2025-05-13,2025-05-27,2025-04-14
795,214,105,6,4,2024-01-09,2024-01-20,2023-12-11
796,342,91,5,8,2023-09-19,2023-10-03,2023-09-16
797,414,153,10,1,2024-11-21,2024-11-22,2024-11-10
798,363,199,1,3,2023-10-03,2023-10-14,2023-09-05
799,133,94,6,9,2024-09-08,2024-09-16,2024-08-24
800,448,102,5,10,2024-12-01,2024-12-13,2024-11-29
801,203,60,9,7,2024-02-17,2024-02-25,2024-01-18
802,317,42,7,6,2024-07-21,2024-07-22,2024-07-04
803,177,117,4,9,2024-01-06,2024-01-11,2023-12-19
804,454,49,5,1,2023-09-16,2023-09-19,2023-08-17
805,291,51,3,4,2023-12-15,2023-12-28,2023-11-26
806,324,51,4,3,2024-09-25,2024-10-07,2024-09-23
807,482,27,8,3,2024-08-19,2024-09-01,2024-08-02
808,98,163,6,10,2025-05-05,2025-05-17,2025-04-22
809,148,156,1,10,2024-04-25,2024-05-02,2024-03-30
810,351,136,9,10,2023-12-12,2023-12-15,2023-11-14
811,338,80,5,1,2025-07-12,2025-07-15,2025-06-14
812,163,107,3,1,2024-01-11,2024-01-17,2023-12-26
813,13,12,6,8,2025-04-04,2025-04-12,2025-03-09
814,395,170,1,9,2024-07-27,2024-08-05,2024-07-05
815,290,56,6,7,2024-03-30,2024-04-05,2024-03-14
816,57,34,4,6,2024-01-17,2024-01-27,2024-01-09
817,136,189,8,9,2024-07-01,2024-07-08,2024-06-13
818,218,179,8,2,2025-02-27,2025-03-12,2025-02-14
819,267,120,9,5,2024-08-23,2024-08-24,2024-07-25
820,232,43,8,10,2025-07-11,2025-07-14,2025-06-24
821,126,144,6,1,2024-11-15,2024-11-16,2024-10-23
822,313,200,8,1,2024-01-07,2024-01-18,2024-01-02
823,197,121,4,5,2025-05-21,2025-05-23,2025-05-10
824,85,113,1,2,2025-02-19,2025-03-01,2025-01-30
825,407,134,7,7,2024-08-08,2024-08-12,2024-07-31
826,486,163,2,10,2023-10-23,2023-10-28,2023-10-08
827,172,165,6,7,2023-09-23,2023-10-06,2023-08-26
828,380,107,9,8,2024-10-10,2024-10-15,2024-10-04
829,162,140,3,1,2023-09-15,2023-09-25,2023-08-28
830,235,139,1,6,2023-12-16,2023-12-27,2023-12-03
831,333,37,4,10,2024-09-05,2024-09-12,2024-08-08
832,233,148,1,8,2024-01-29,2024-02-08,2024-01-14
833,460,24,5,7,2024-07-15,2024-07-16,2024-06-21
834,202,138,3,1,2024-02-25,2024-03-05,2024-02-22
835,44,137,9,8,2023-09-03,2023-09-11,2023-08-26
836,171,85,3,1,2023-10-13,2023-10-14,2023-10-02
837,59,70,5,8,2025-04-16,2025-04-17,2025-04-01
838,312,103,6,4,2025-02-21,2025-02-22,2025-02-11
839,456,200,2,1,2024-05-31,2024-06-05,2024-05-18
840,304,121,7,3,2025-08-07,2025-08-10,2025-07-16
841,194,156,3,3,2024-08-16,2024-08-18,2024-08-09
842,417,74,6,7,2024-01-04,2024-01-17,2024-01-02
843,58,176,9,8,2024-12-24,2024-12-29,2024-12-13
844,428,199,5,5,2024-10-24,2024-11-02,2024-10-06
845,322,36,4,7,2024-06-22,2024-07-06,2024-05-31
846,128,13,10,8,2023-09-05,2023-09-06,2023-08-18
847,127,79,9,2,2024-05-08,2024-05-13,2024-04-20
848,442,163,4,6,2025-01-17,2025-01-29,2025-01-04
849,73,31,6,3,2025-02-23,2025-03-05,2025-01-28
850,407,131,2,7,2024-03-16,2024-03-30,2024-03-02
851,169,181,4,7,2024-05-17,2024-05-22,2024-05-10
852,396,64,10,6,2024-01-31,2024-02-13,2024-01-04
853,320,159,1,4,2023-11-17,2023-12-01,2023-10-23
854,269,19,3,7,2024-08-01,2024-08-02,2024-07-21
855,395,62,4,4,2024-05-11,2024-05-15,2024-04-30
856,376,71,8,2,2024-07-14,2024-07-15,2024-06-27
857,13,155,5,5,2024-05-11,2024-05-14,2024-05-04
858,159,195,3,10,2024-11-16,2024-11-28,2024-10-18
859,337,110,10,5,2024-02-22,2024-02-29,2024-01-29
860,278,44,8,10,2023-11-25,2023-12-08,2023-11-08
861,345,58,5,2,2024-02-03,2024-02-14,2024-01-31
862,252,32,6,5,2023-11-23,2023-12-02,2023-11-08
863,8,68,7,9,2024-11-20,2024-11-29,2024-10-28
864,408,134,8,4,2023-11-01,2023-11-14,2023-10-12
865,190,191,3,4,2025-04-06,2025-04-10,2025-03-14
866,167,54,3,2,2025-03-18,2025-03-19,2025-03-09
867,100,170,1,5,2024-10-28,2024-11-09,2024-10-03
868,399,132,5,5,2025-04-17,2025-04-20,2025-04-03
869,321,147,6,7,2024-07-03,2024-07-11,2024-06-27
870,422,48,1,6,2025-03-12,2025-03-18,2025-03-02
871,126,187,7,4,2024-07-22,2024-08-03,2024-07-19
872,308,24,5,7,2025-03-21,2025-03-28,2025-03-02
873,398,96,6,7,2025-03-08,2025-03-12,2025-02-14
874,482,117,1,5,2024-10-07,2024-10-15,2024-09-09
875,235,90,10,2,2025-03-21,2025-03-22,2025-02-22
876,479,75,8,9,2023-12-10,2023-12-16,2023-12-02
877,77,3,5,8,2024-12-06,2024-12-17,2024-11-19
878,60,48,5,3,2024-08-09,2024-08-14,2024-08-07
879,486,121,7,4,2024-02-18,2024-02-22,2024-01-20
880,468,15,8,1,2024-03-01,2024-03-06,2024-01-31
881,267,110,10,8,2024-09-13,2024-09-21,2024-08-26
882,304,37,2,4,2024-03-10,2024-03-12,2024-02-24
883,228,9,2,10,2025-07-24,2025-08-02,2025-06-28
884,486,151,3,2,2025-04-15,2025-04-17,2025-04-03
885,50,75,7,9,2025-08-24,2025-08-25,2025-08-03
886,41,181,6,5,2024-12-03,2024-12-08,2024-11-10
887,252,11,6,6,2025-08-06,2025-08-20,2025-07-29
888,333,134,9,5,2024-03-01,2024-03-03,2024-02-06
889,135,52,3,10,2025-07-04,2025-07-08,2025-06-18
890,93,26,8,2,2024-01-05,2024-01-18,2023-12-30
891,207,50,9,7,2024-06-25,2024-07-06,2024-05-30
892,216,131,2,7,2023-10-26,2023-10-28,2023-10-12
893,167,59,9,9,2025-01-14,2025-01-27,2024-12-31
894,11,115,6,5,2024-09-05,2024-09-07,2024-08-15
895,230,144,9,5,2024-06-25,2024-07-01,2024-05-27
896,307,70,3,9,2023-09-24,2023-09-27,2023-09-11
897,421,58,5,1,2024-11-22,2024-11-25,2024-10-29
898,421,150,10,2,2025-05-16,2025-05-25,2025-05-05
899,378,31,10,5,2024-10-27,2024-11-02,2024-10-22
900,345,137,9,5,2024-10-08,2024-10-13,2024-09-24
901,46,4,8,9,2024-12-01,2024-12-04,2024-11-17
902,52,120,10,1,2024-12-31,2025-01-09,2024-12-04
903,425,40,1,1,2025-01-21,2025-02-04,2024-12-27
904,326,137,8,3,2024-04-06,2024-04-08,2024-04-01
905,272,74,2,7,2025-02-24,2025-03-06,2025-02-06
906,173,164,10,4,2023-11-17,2023-11-25,2023-11-03
907,460,54,3,6,2024-08-09,2024-08-22,2024-08-08
908,437,193,1,3,2024-02-26,2024-03-07,2024-02-20
909,144,50,7,2,2023-09-14,2023-09-24,2023-09-07
910,340,33,9,5,2024-05-19,2024-05-24,2024-05-08
911,487,182,10,8,2024-09-24,2024-09-26,2024-09-01
912,262,95,5,9,2024-10-26,2024-11-03,2024-10-09
913,214,54,9,10,2025-07-21,2025-07-24,2025-07-19
914,363,118,5,1,2024-05-11,2024-05-14,2024-04-13
915,170,69,9,4,2025-04-06,2025-04-14,2025-03-11
916,491,50,5,10,2024-05-19,2024-05-23,2024-05-05
917,233,173,6,5,2024-08-23,2024-08-29,2024-08-06
918,389,95,8,3,2025-04-08,2025-04-12,2025-03-20
919,56,165,1,9,2025-08-19,2025-08-22,2025-07-25
920,57,125,7,8,2024-11-04,2024-11-11,2024-11-03
921,117,85,10,3,2025-06-08,2025-06-16,2025-06-04
922,344,147,6,10,2025-03-08,2025-03-12,2025-02-15
923,393,167,4,3,2025-03-15,2025-03-25,2025-02-28
924,24,21,1,7,2023-09-28,2023-10-12,2023-09-04
925,409,71,8,5,2023-12-27,2024-01-05,2023-12-06
926,179,134,10,8,2025-05-29,2025-06-12,2025-05-13
927,54,45,9,10,2024-12-19,2025-01-01,2024-12-15
928,306,60,3,9,2025-01-03,2025-01-10,2024-12-11
929,221,94,2,3,2024-05-30,2024-06-03,2024-05-20
930,371,139,1,5,2023-12-26,2024-01-06,2023-12-17
931,327,63,4,7,2024-11-11,2024-11-25,2024-10-20
932,99,113,10,6,2024-08-06,2024-08-19,2024-07-17
933,27,160,3,10,2023-09-09,2023-09-14,2023-08-18
934,31,64,8,8,2024-10-30,2024-11-12,2024-10-06
935,171,57,8,3,2025-04-10,2025-04-21,2025-03-13
936,51,45,7,10,2023-11-20,2023-12-02,2023-11-02
937,161,129,1,6,2023-12-22,2023-12-26,2023-11-25
938,460,29,7,4,2024-12-02,2024-12-16,2024-12-01
939,361,53,1,3,2025-01-09,2025-01-15,2024-12-15
940,292,4,2,8,2025-04-26,2025-05-07,2025-04-18
941,281,40,7,4,2024-06-02,2024-06-07,2024-05-19
942,325,196,4,5,2024-04-12,2024-04-14,2024-04-01
943,188,28,9,4,2023-09-20,2023-09-25,2023-09-02
944,210,193,8,1,2025-03-12,2025-03-17,2025-02-17
945,197,12,9,4,2024-06-12,2024-06-19,2024-05-21
946,353,68,6,5,2024-12-06,2024-12-14,2024-12-05
947,32,13,6,6,2024-03-25,2024-04-02,2024-03-05
948,398,47,7,8,2024-03-10,2024-03-14,2024-03-09
949,399,187,3,8,2024-08-27,2024-09-07,2024-08-10
950,110,194,7,8,2025-07-15,2025-07-16,2025-07-13
951,366,195,10,7,2024-04-24,2024-05-01,2024-03-30
952,270,88,2,3,2024-10-17,2024-10-19,2024-09-24
953,178,132,5,1,2024-12-09,2024-12-23,2024-12-03
954,194,105,5,8,2024-11-10,2024-11-13,2024-10-26
955,124,88,9,10,2023-09-07,2023-09-18,2023-09-05
956,136,68,7,4,2024-09-12,2024-09-21,2024-09-07
957,487,163,3,6,2024-05-03,2024-05-07,2024-04-28
958,360,92,8,1,2025-04-24,2025-04-28,2025-04-18
959,446,25,4,7,2023-09-25,2023-10-06,2023-09-21
960,58,56,3,2,2025-06-18,2025-06-27,2025-06-09
961,184,21,1,7,2025-08-07,2025-08-14,2025-07-09
962,346,62,7,4,2023-12-21,2023-12-22,2023-12-11
963,41,174,10,6,2023-12-30,2024-01-06,2023-11-30
964,112,65,1,4,2024-11-07,2024-11-16,2024-10-31
965,272,57,10,7,2024-09-19,2024-09-28,2024-08-28
966,54,184,8,5,2025-07-17,2025-07-31,2025-06-18
967,243,114,6,8,2023-09-15,2023-09-21,2023-08-31
968,158,102,8,5,2025-02-19,2025-02-21,2025-02-13
969,359,131,1,8,2025-05-15,2025-05-24,2025-04-27
970,304,196,7,10,2025-02-13,2025-02-15,2025-01-26
971,14,167,10,10,2024-06-24,2024-06-29,2024-05-31
972,5,26,7,7,2024-02-17,2024-02-28,2024-02-07
973,196,25,3,3,2025-03-01,2025-03-08,2025-02-01
974,144,37,1,4,2024-09-08,2024-09-11,2024-08-31
975,232,20,10,10,2025-04-07,2025-04-10,2025-03-20
976,171,160,8,10,2024-10-28,2024-11-06,2024-10-17
977,248,63,6,6,2023-12-03,2023-12-14,2023-11-03
978,116,59,8,4,2025-09-03,2025-09-16,2025-08-09
979,432,64,10,1,2025-01-10,2025-01-23,2024-12-15
980,229,8,10,8,2025-07-11,2025-07-18,2025-07-03
981,58,117,5,3,2023-09-01,2023-09-05,2023-08-27
982,67,63,10,3,2024-01-20,2024-01-27,2024-01-13
983,291,119,10,10,2023-10-16,2023-10-29,2023-10-08
984,497,14,4,6,2024-05-29,2024-06-01,2024-05-25
985,486,77,8,7,2024-09-22,2024-09-30,2024-08-25
986,197,8,1,5,2024-02-11,2024-02-16,2024-02-02
987,338,105,4,10,2023-09-12,2023-09-15,2023-08-19
988,457,54,5,6,2024-09-07,2024-09-09,2024-09-02
989,316,175,6,2,2024-01-10,2024-01-15,2023-12-11
990,196,11,6,7,2024-08-08,2024-08-10,2024-07-18
991,19,10,3,3,2024-12-17,2024-12-21,2024-11-23
992,124,167,5,5,2024-03-17,2024-03-20,2024-02-28
993,72,107,8,3,2024-07-05,2024-07-10,2024-06-10
994,149,111,9,3,2025-04-04,2025-04-13,2025-03-26
995,199,84,3,3,2023-11-10,2023-11-15,2023-10-26
996,404,49,3,8,2024-07-18,2024-08-01,2024-07-09
997,416,63,5,10,2024-12-28,2025-01-07,2024-12-24
998,467,157,3,1,2024-05-31,2024-06-04,2024-05-19
999,316,188,6,4,2024-11-15,2024-11-17,2024-11-03
1000,401,112,7,9,2024-12-31,2025-01-02,2024-12-03
1001,289,169,1,2,2024-07-16,2024-07-29,2024-06-22
1002,104,61,9,6,2024-12-25,2025-01-01,2024-12-05
1003,248,11,1,3,2025-05-12,2025-05-15,2025-04-18
1004,291,130,6,1,2023-11-17,2023-11-30,2023-11-03
1005,159,101,6,5,2025-08-19,2025-09-01,2025-08-02
1006,273,151,10,7,2024-04-29,2024-05-05,2024-04-28
1007,322,14,5,1,2024-03-18,2024-03-27,2024-02-27
1008,85,10,10,10,2024-10-13,2024-10-22,2024-10-09
1009,30,54,9,9,2025-06-30,2025-07-14,2025-06-06
1010,86,4,10,3,2024-08-04,2024-08-15,2024-07-10
1011,286,194,5,8,2023-09-30,2023-10-09,2023-09-22
1012,419,35,10,1,2024-07-30,2024-08-12,2024-07-09
1013,341,76,2,3,2025-06-08,2025-06-22,2025-05-20
1014,317,40,9,1,2024-11-21,2024-11-29,2024-11-01
1015,366,34,5,6,2025-05-15,2025-05-26,2025-05-04
1016,458,1,7,8,2024-06-08,2024-06-19,2024-06-06
1017,84,69,9,4,2025-08-17,2025-08-25,2025-07-27
1018,231,41,4,1,2024-11-07,2024-11-08,2024-10-29
1019,9,13,1,3,2023-08-27,2023-09-02,2023-08-12
1020,268,181,7,7,2024-10-02,2024-10-08,2024-09-30
1021,6,139,3,4,2023-09-19,2023-09-29,2023-09-16
1022,439,94,6,8,2024-07-18,2024-07-23,2024-06-19
1023,245,169,1,5,2023-11-05,2023-11-19,2023-10-24
1024,132,20,1,4,2024-12-24,2025-01-02,2024-12-13
1025,229,129,3,8,2025-06-08,2025-06-12,2025-05-17
1026,432,59,7,5,2024-04-02,2024-04-04,2024-03-27
1027,315,66,8,2,2024-10-03,2024-10-11,2024-09-28
1028,299,39,10,7,2023-10-22,2023-10-28,2023-10-11
1029,396,43,2,3,2024-11-09,2024-11-13,2024-10-18
1030,45,186,7,5,2025-06-27,2025-07-05,2025-06-08
1031,118,14,1,4,2025-04-23,2025-04-28,2025-04-20
1032,303,87,9,4,2025-05-05,2025-05-06,2025-04-18
1033,342,169,3,9,2024-10-16,2024-10-29,2024-10-12
1034,430,1,3,2,2025-05-06,2025-05-14,2025-04-10
1035,308,79,7,10,2024-09-15,2024-09-25,2024-08-27
1036,439,191,7,2,2025-04-09,2025-04-20,2025-04-07
1037,176,164,5,9,2025-03-08,2025-03-22,2025-02-21
1038,431,152,8,10,2024-01-10,2024-01-24,2023-12-12
1039,473,78,9,7,2024-07-11,2024-07-23,2024-07-08
1040,224,34,5,5,2023-10-30,2023-11-13,2023-10-03
1041,179,30,2,7,2024-04-12,2024-04-21,2024-03-19
1042,198,102,8,8,2025-04-09,2025-04-17,2025-03-25
1043,428,81,7,6,2024-06-12,2024-06-22,2024-05-23
1044,36,93,7,6,2024-08-16,2024-08-24,2024-07-29
1045,6,112,1,9,2023-09-22,2023-10-04,2023-09-18
1046,108,128,8,5,2023-12-02,2023-12-08,2023-11-23
1047,107,82,10,6,2024-04-11,2024-04-15,2024-03-27
1048,439,149,1,7,2025-07-29,2025-08-10,2025-06-29
1049,157,99,2,3,2025-01-20,2025-01-25,2025-01-06
1050,61,82,4,1,2023-10-28,2023-11-03,2023-10-05
1051,92,17,2,4,2025-07-10,2025-07-18,2025-07-06
1052,88,60,3,9,2025-02-05,2025-02-18,2025-01-08
1053,335,8,9,4,2024-06-11,2024-06-22,2024-05-26
1054,276,156,6,3,2023-11-02,2023-11-03,2023-10-19
1055,117,17,1,9,2024-07-16,2024-07-22,2024-06-26
1056,54,69,8,7,2024-05-12,2024-05-24,2024-05-09
1057,7,12,10,8,2025-05-14,2025-05-17,2025-04-20
1058,309,122,10,8,2024-03-10,2024-03-14,2024-02-21
1059,309,122,4,1,2025-08-06,2025-08-18,2025-08-05
1060,27,35,7,1,2024-09-13,2024-09-15,2024-09-05
1061,80,73,2,10,2025-07-15,2025-07-27,2025-07-12
1062,83,43,1,7,2024-01-15,2024-01-25,2023-12-27
1063,372,139,10,7,2025-07-21,2025-07-27,2025-07-08
1064,56,27,4,3,2024-02-06,2024-02-17,2024-02-03
1065,84,125,8,2,2024-12-26,2025-01-05,2024-12-16
1066,35,123,4,6,2024-06-01,2024-06-09,2024-05-29
1067,436,65,1,6,2024-02-18,2024-02-24,2024-01-22
1068,319,123,2,10,2025-01-15,2025-01-27,2025-01-03
1069,10,119,3,2,2025-03-27,2025-03-29,2025-02-27
1070,144,180,9,2,2025-06-28,2025-07-09,2025-05-31
1071,380,44,4,9,2024-11-09,2024-11-21,2024-10-15
1072,241,110,8,9,2024-04-30,2024-05-11,2024-04-12
1073,287,138,4,2,2025-07-20,2025-07-23,2025-07-11
1074,280,102,3,5,2024-01-30,2024-02-04,2024-01-10
1075,137,92,1,9,2024-12-27,2025-01-01,2024-12-10
1076,212,12,8,4,2024-09-20,2024-09-24,2024-09-15
1077,43,24,7,6,2024-04-13,2024-04-14,2024-03-19
1078,355,50,5,10,2024-07-14,2024-07-25,2024-07-12
1079,190,103,2,3,2025-01-08,2025-01-22,2024-12-18
1080,498,33,10,8,2024-01-21,2024-02-01,2024-01-04
1081,79,92,9,5,2024-01-02,2024-01-03,2023-12-28
1082,395,87,3,8,2024-03-14,2024-03-26,2024-03-11
1083,346,35,8,2,2024-07-18,2024-07-30,2024-06-30
1084,247,30,1,2,2025-07-03,2025-07-11,2025-06-26
1085,39,146,3,1,2024-12-18,2024-12-23,2024-12-14
1086,408,120,10,1,2023-10-14,2023-10-19,2023-10-06
1087,124,187,3,2,2023-12-06,2023-12-19,2023-11-08
1088,208,76,3,3,2025-04-29,2025-05-09,2025-04-13
1089,16,137,3,4,2024-06-10,2024-06-22,2024-05-27
1090,415,163,9,8,2024-06-26,2024-06-28,2024-06-23
1091,275,68,5,1,2023-10-06,2023-10-15,2023-09-14
1092,326,35,2,10,2024-10-29,2024-11-08,2024-10-15
1093,465,136,3,2,2023-09-09,2023-09-11,2023-08-22
1094,372,174,7,2,2024-12-18,2024-12-28,2024-11-23
1095,405,59,2,4,2024-07-28,2024-08-02,2024-07-01
1096,45,199,4,6,2024-07-19,2024-07-28,2024-06-24
1097,398,75,3,4,2025-04-15,2025-04-22,2025-03-21
1098,216,21,1,5,2023-10-08,2023-10-14,2023-10-03
1099,263,8,6,7,2025-08-30,2025-09-12,2025-08-06
1100,76,132,3,7,2023-11-23,2023-12-03,2023-11-15
1101,160,173,6,9,2024-12-24,2025-01-02,2024-11-26
1102,174,38,5,4,2025-05-21,2025-05-29,2025-04-30
1103,200,113,6,9,2024-06-10,2024-06-23,2024-06-09
1104,136,89,7,2,2024-09-17,2024-09-30,2024-09-07
1105,380,197,6,1,2023-12-09,2023-12-18,2023-11-17
1106,393,47,1,9,2025-07-21,2025-07-27,2025-07-03
1107,400,19,7,7,2025-04-06,2025-04-16,2025-03-22
1108,391,154,3,7,2023-10-07,2023-10-18,2023-09-09
1109,413,14,3,4,2024-02-05,2024-02-17,2024-01-22
1110,13,148,7,1,2024-02-13,2024-02-19,2024-01-26
1111,385,77,3,1,2025-03-31,2025-04-13,2025-03-08
1112,371,103,1,5,2024-12-13,2024-12-16,2024-11-14
1113,292,87,8,9,2024-12-02,2024-12-06,2024-11-23
1114,260,85,10,10,2023-09-25,2023-10-06,2023-09-08
1115,497,33,1,4,2023-11-20,2023-12-02,2023-11-12
1116,105,2,3,1,2025-01-25,2025-02-07,2024-12-29
1117,290,129,3,9,2023-11-15,2023-11-26,2023-10-18
1118,88,131,5,5,2023-11-27,2023-11-28,2023-11-10
1119,96,109,4,1,2024-08-01,2024-08-11,2024-07-10
1120,283,154,5,8,2023-09-05,2023-09-13,2023-08-13
1121,247,134,10,1,2024-01-06,2024-01-14,2023-12-21
1122,230,30,8,9,2024-07-26,2024-08-07,2024-07-21
1123,206,7,9,9,2023-12-14,2023-12-17,2023-12-09
1124,308,176,5,1,2025-03-25,2025-03-29,2025-02-25
1125,391,35,1,9,2025-03-30,2025-04-01,2025-03-06
1126,391,15,5,4,2025-05-16,2025-05-18,2025-05-13
1127,444,143,9,8,2024-11-28,2024-12-09,2024-11-11
1128,432,15,2,5,2024-01-05,2024-01-06,2023-12-30
1129,27,104,9,9,2024-09-15,2024-09-28,2024-09-12
1130,76,53,5,5,2024-08-11,2024-08-24,2024-07-12
1131,46,119,8,3,2025-06-23,2025-06-25,2025-05-30
1132,469,60,2,1,2023-11-23,2023-11-26,2023-10-29
1133,483,165,1,4,2025-05-19,2025-06-02,2025-04-30
1134,338,45,4,2,2024-12-03,2024-12-05,2024-11-25
1135,335,127,6,1,2023-12-22,2024-01-04,2023-11-22
1136,167,136,8,7,2024-03-15,2024-03-18,2024-02-14
1137,5,149,9,2,2024-09-28,2024-10-07,2024-09-01
1138,311,69,5,9,2025-07-25,2025-07-27,2025-07-03
1139,468,177,4,9,2024-05-31,2024-06-04,2024-05-21
1140,480,12,7,3,2023-10-28,2023-10-31,2023-09-29
1141,83,60,5,6,2024-08-21,2024-08-26,2024-07-27
1142,239,137,2,6,2023-12-22,2024-01-01,2023-11-25
1143,390,39,6,8,2024-01-08,2024-01-10,2023-12-24
1144,93,27,7,5,2024-05-08,2024-05-11,2024-05-04
1145,288,7,3,3,2025-04-17,2025-04-26,2025-04-03
1146,397,70,5,7,2024-09-06,2024-09-12,2024-08-17
1147,77,121,7,10,2025-03-29,2025-04-09,2025-03-11
1148,145,110,4,2,2024-07-27,2024-07-31,2024-06-30
1149,278,26,5,8,2024-04-08,2024-04-09,2024-04-06
1150,81,29,9,5,2024-05-28,2024-05-29,2024-05-23
1151,112,14,2,4,2025-05-29,2025-05-30,2025-05-01
1152,281,114,3,10,2024-06-24,2024-06-27,2024-06-08
1153,106,41,10,5,2024-10-27,2024-10-29,2024-10-23
1154,218,87,4,10,2025-05-23,2025-05-28,2025-05-02
1155,156,124,1,7,2025-02-12,2025-02-13,2025-01-20
1156,171,120,8,6,2025-04-18,2025-04-24,2025-04-02
1157,402,46,6,1,2024-05-05,2024-05-14,2024-04-12
1158,46,136,10,2,2023-12-29,2024-01-07,2023-12-12
1159,13,110,10,9,2024-03-22,2024-04-04,2024-03-03
1160,39,199,5,4,2025-08-20,2025-08-29,2025-07-24
1161,426,125,8,8,2023-08-25,2023-09-02,2023-08-20
1162,101,43,5,10,2024-10-28,2024-11-04,2024-10-13
1163,431,143,4,8,2023-11-19,2023-11-23,2023-11-18
1164,16,38,5,10,2023-12-22,2024-01-01,2023-12-20
1165,189,38,8,3,2024-10-25,2024-11-01,2024-10-21
1166,101,192,5,10,2025-05-22,2025-05-30,2025-05-19
1167,168,114,6,1,2024-10-18,2024-10-23,2024-10-17
1168,376,180,1,9,2025-04-22,2025-04-29,2025-04-06
1169,351,127,9,7,2024-02-11,2024-02-13,2024-01-18
1170,239,135,5,1,2023-11-23,2023-12-03,2023-11-09
1171,177,73,10,3,2025-06-18,2025-06-21,2025-06-08
1172,122,78,1,9,2024-11-09,2024-11-20,2024-11-07
1173,419,105,5,3,2024-07-13,2024-07-21,2024-07-10
1174,496,77,5,1,2025-04-08,2025-04-10,2025-03-22
1175,266,189,4,4,2025-07-02,2025-07-12,2025-06-28
1176,156,170,4,8,2025-05-22,2025-06-03,2025-05-12
1177,330,33,3,5,2023-10-11,2023-10-14,2023-09-22
1178,90,82,7,2,2025-01-11,2025-01-18,2024-12-30
1179,137,157,4,10,2024-02-02,2024-02-16,2024-01-16
1180,434,40,1,8,2024-04-14,2024-04-20,2024-03-20
1181,375,175,8,6,2023-12-28,2024-01-08,2023-12-16
1182,24,14,4,4,2024-04-29,2024-05-10,2024-04-17
1183,117,55,5,7,2025-07-27,2025-08-07,2025-07-07
1184,132,37,2,6,2024-10-11,2024-10-20,2024-09-11
1185,328,92,10,9,2024-05-06,2024-05-10,2024-04-15
1186,121,182,2,1,2024-04-19,2024-04-29,2024-03-22
1187,257,22,8,5,2024-10-28,2024-11-06,2024-10-20
1188,194,41,3,5,2024-03-03,2024-03-08,2024-02-16
1189,382,139,2,10,2025-03-28,2025-03-29,2025-03-13
1190,73,53,10,4,2024-09-25,2024-09-28,2024-09-10
1191,420,181,5,8,2025-03-10,2025-03-12,2025-03-09
1192,425,12,10,10,2025-06-02,2025-06-16,2025-05-11
1193,264,164,10,3,2025-05-24,2025-06-05,2025-05-07
1194,99,148,10,7,2024-12-13,2024-12-22,2024-12-04
1195,366,148,6,3,2024-09-26,2024-10-08,2024-09-22
1196,230,51,2,7,2024-10-15,2024-10-22,2024-09-15
1197,379,6,3,5,2024-10-11,2024-10-18,2024-09-24
1198,345,182,8,8,2024-12-22,2025-01-01,2024-12-20
1199,483,184,2,10,2025-06-04,2025-06-13,2025-05-16
1200,357,43,5,1,2025-03-03,2025-03-12,2025-02-16
1201,248,182,3,3,2024-12-27,2025-01-02,2024-12-15
1202,125,109,9,9,2025-08-02,2025-08-06,2025-07-12
1203,417,49,5,2,2024-12-04,2024-12-08,2024-11-21
1204,337,102,1,5,2024-09-26,2024-10-10,2024-09-03
1205,329,70,9,8,2023-10-16,2023-10-25,2023-09-26
1206,206,84,4,4,2023-10-27,2023-10-28,2023-10-09
1207,462,71,5,4,2024-06-12,2024-06-13,2024-06-09
1208,215,135,1,4,2025-09-02,2025-09-04,2025-08-04
1209,486,66,8,2,2024-01-25,2024-01-26,2024-01-20
1210,364,159,9,2,2025-07-07,2025-07-18,2025-06-08
1211,372,172,10,5,2023-08-24,2023-08-28,2023-08-23
1212,21,124,2,8,2023-12-28,2024-01-11,2023-12-10
1213,114,140,7,5,2025-05-06,2025-05-20,2025-05-01
1214,263,188,10,8,2025-01-06,2025-01-16,2024-12-23
1215,159,181,3,5,2024-02-13,2024-02-15,2024-01-30
1216,443,68,5,2,2024-04-22,2024-05-03,2024-04-17
1217,429,165,6,10,2025-08-14,2025-08-21,2025-07-15
1218,437,102,6,7,2024-08-26,2024-09-06,2024-07-28
1219,144,33,5,4,2025-04-29,2025-05-04,2025-04-06
1220,175,200,1,10,2024-05-11,2024-05-24,2024-05-08
1221,432,116,5,5,2023-09-17,2023-09-27,2023-08-28
1222,486,121,4,7,2023-12-18,2023-12-31,2023-11-27
1223,338,50,6,5,2025-03-13,2025-03-24,2025-02-20
1224,153,22,10,1,2025-08-16,2025-08-17,2025-07-25
1225,264,158,6,10,2024-03-31,2024-04-07,2024-03-06
1226,306,161,3,6,2023-11-15,2023-11-21,2023-11-09
1227,272,153,9,4,2024-02-16,2024-02-20,2024-02-12
1228,187,195,9,3,2025-03-09,2025-03-15,2025-02-09
1229,262,31,2,2,2025-05-07,2025-05-14,2025-04-18
1230,84,57,6,3,2024-03-31,2024-04-03,2024-03-12
1231,43,45,8,4,2023-10-02,2023-10-10,2023-09-17
1232,495,35,4,4,2025-05-23,2025-05-27,2025-04-28
1233,370,71,7,7,2025-07-08,2025-07-09,2025-06-14
1234,70,185,6,4,2024-06-11,2024-06-22,2024-05-26
1235,122,144,9,6,2024-12-02,2024-12-06,2024-11-30
1236,73,155,8,2,2024-02-13,2024-02-26,2024-01-27
1237,348,50,9,1,2025-01-01,2025-01-08,2024-12-28
1238,326,90,4,6,2025-01-28,2025-02-11,2025-01-26
1239,255,52,7,10,2025-06-29,2025-07-06,2025-06-05
1240,36,89,9,10,2024-10-28,2024-11-10,2024-10-20
1241,283,74,3,1,2024-01-21,2024-01-22,2024-01-03
1242,416,146,8,4,2025-03-15,2025-03-27,2025-03-06
1243,293,87,7,1,2024-12-18,2024-12-23,2024-11-23
1244,328,162,10,1,2024-08-01,2024-08-08,2024-07-16
1245,94,21,1,8,2024-10-22,2024-10-24,2024-10-17
1246,143,148,2,5,2024-11-23,2024-11-30,2024-11-13
1247,474,189,5,4,2024-04-12,2024-04-17,2024-04-03
1248,188,86,10,1,2024-04-20,2024-04-29,2024-04-08
1249,403,172,2,10,2024-12-02,2024-12-14,2024-11-18
1250,324,111,6,6,2024-04-21,2024-04-27,2024-03-29
1251,32,100,3,1,2024-06-10,2024-06-24,2024-05-17
1252,29,112,1,5,2025-07-19,2025-07-31,2025-07-06
1253,233,41,7,3,2025-03-18,2025-03-23,2025-03-15
1254,140,71,4,9,2025-08-25,2025-09-05,2025-08-08
1255,366,25,6,6,2024-08-13,2024-08-26,2024-07-19
1256,420,175,5,2,2025-02-04,2025-02-11,2025-01-25
1257,1,147,9,1,2024-08-30,2024-09-08,2024-08-11
1258,247,100,6,7,2024-05-30,2024-06-01,2024-05-18
1259,15,181,1,1,2024-01-01,2024-01-06,2023-12-26
1260,49,176,10,7,2023-09-08,2023-09-13,2023-09-03
1261,45,155,6,9,2025-03-10,2025-03-20,2025-02-15
1262,32,134,3,10,2024-09-05,2024-09-15,2024-09-04
1263,142,62,8,5,2024-09-01,2024-09-03,2024-08-20
1264,206,75,1,8,2024-05-30,2024-06-07,2024-05-06
1265,165,136,4,2,2024-03-06,2024-03-09,2024-02-05
1266,332,44,4,10,2024-12-06,2024-12-19,2024-11-19
1267,92,133,1,10,2023-10-18,2023-10-25,2023-09-26
1268,198,181,6,3,2023-10-14,2023-10-24,2023-10-11
1269,191,3,7,7,2024-08-14,2024-08-27,2024-08-05
1270,108,121,5,6,2024-12-13,2024-12-18,2024-12-04
1271,251,158,10,2,2025-07-28,2025-07-31,2025-07-08
1272,99,193,5,9,2024-08-17,2024-08-19,2024-07-29
1273,442,102,6,8,2025-06-04,2025-06-15,2025-05-23
1274,194,194,8,10,2024-12-24,2024-12-25,2024-12-04
1275,218,84,5,4,2024-07-24,2024-08-06,2024-07-11
1276,332,67,1,8,2024-04-02,2024-04-14,2024-03-06
1277,429,151,4,3,2024-09-05,2024-09-08,2024-08-07
1278,118,16,4,6,2024-11-08,2024-11-11,2024-10-19
1279,153,135,5,7,2025-03-31,2025-04-04,2025-03-11
1280,305,184,2,2,2024-03-04,2024-03-10,2024-02-23
1281,49,94,1,5,2024-10-28,2024-10-31,2024-10-01
1282,106,151,5,2,2024-10-16,2024-10-26,2024-09-20
1283,48,91,4,6,2025-05-04,2025-05-07,2025-04-18
1284,275,86,8,3,2024-10-28,2024-11-06,2024-10-20
1285,105,27,6,2,2024-11-04,2024-11-07,2024-10-08
1286,141,174,5,9,2024-06-16,2024-06-30,2024-06-05
1287,398,67,6,7,2023-08-26,2023-08-27,2023-08-23
1288,413,89,5,1,2023-10-23,2023-10-27,2023-10-21
1289,204,172,6,4,2024-09-04,2024-09-17,2024-08-21
1290,247,38,5,3,2024-07-07,2024-07-17,2024-07-01
1291,87,40,8,9,2024-03-31,2024-04-13,2024-03-17
1292,51,198,8,6,2025-03-27,2025-04-08,2025-03-18
1293,48,72,6,9,2024-04-14,2024-04-18,2024-04-06
1294,357,150,10,4,2023-11-14,2023-11-23,2023-10-22
1295,441,128,9,3,2024-04-25,2024-05-05,2024-03-26
1296,245,169,2,4,2024-08-20,2024-08-28,2024-08-10
1297,322,19,2,3,2024-07-19,2024-07-29,2024-06-21
1298,136,109,2,6,2024-05-31,2024-06-11,2024-05-11
1299,341,199,9,3,2023-10-28,2023-11-01,2023-10-08
1300,65,115,6,2,2025-06-12,2025-06-24,2025-05-13
1301,126,59,6,9,2025-08-14,2025-08-19,2025-07-24
1302,499,98,9,3,2023-12-21,2023-12-27,2023-12-07
1303,158,30,4,4,2024-02-06,2024-02-08,2024-01-12
1304,101,53,3,8,2024-02-03,2024-02-17,2024-01-16
1305,197,37,7,1,2024-05-01,2024-05-02,2024-04-13
1306,25,100,5,10,2025-07-23,2025-07-24,2025-07-17
1307,416,26,9,5,2025-05-07,2025-05-16,2025-04-27
1308,88,105,7,10,2024-05-10,2024-05-15,2024-04-17
1309,342,58,4,9,2025-07-02,2025-07-15,2025-06-28
1310,396,36,6,9,2024-10-21,2024-11-04,2024-10-17
1311,389,30,5,8,2024-07-05,2024-07-11,2024-06-05
1312,115,78,8,2,2024-09-05,2024-09-15,2024-08-18
1313,151,166,7,8,2024-07-17,2024-07-21,2024-06-26
1314,127,38,9,3,2024-07-08,2024-07-15,2024-06-22
1315,112,142,8,4,2024-08-18,2024-08-23,2024-07-28
1316,274,3,4,4,2023-12-06,2023-12-08,2023-11-08
1317,24,87,8,6,2024-02-19,2024-02-28,2024-01-25
1318,161,162,10,7,2024-12-30,2025-01-05,2024-12-24
1319,9,66,4,6,2023-10-19,2023-10-28,2023-09-28
1320,492,155,2,5,2025-03-07,2025-03-08,2025-02-26
1321,216,144,7,10,2025-05-24,2025-05-30,2025-05-09
1322,413,199,3,2,2024-12-03,2024-12-11,2024-11-30
1323,265,53,2,2,2024-05-07,2024-05-21,2024-04-12
1324,440,104,7,5,2024-12-01,2024-12-09,2024-11-06
1325,187,10,1,10,2025-04-27,2025-05-11,2025-03-29
1326,211,105,5,10,2024-03-16,2024-03-26,2024-02-19
1327,421,116,9,9,2023-11-06,2023-11-08,2023-10-15
1328,140,114,8,1,2025-03-14,2025-03-19,2025-02-13
1329,246,151,1,8,2025-03-08,2025-03-20,2025-02-16
1330,195,180,3,10,2024-06-09,2024-06-19,2024-06-05
1331,96,84,6,6,2023-10-26,2023-11-05,2023-09-30
1332,275,83,8,1,2024-05-15,2024-05-28,2024-04-30
1333,224,64,4,2,2023-11-06,2023-11-17,2023-10-08
1334,19,53,8,3,2024-01-08,2024-01-22,2023-12-18
1335,150,12,1,9,2024-07-31,2024-08-06,2024-07-13
1336,56,10,6,3,2024-08-31,2024-09-01,2024-08-28
1337,161,78,1,8,2024-03-09,2024-03-18,2024-02-25
1338,305,178,1,1,2024-09-15,2024-09-28,2024-08-22
1339,285,179,3,6,2024-11-13,2024-11-20,2024-11-01
1340,385,155,2,3,2024-03-16,2024-03-26,2024-03-03
1341,333,181,3,1,2024-06-28,2024-07-03,2024-06-02
1342,139,51,8,3,2023-09-29,2023-10-01,2023-08-31
1343,167,82,6,9,2025-06-18,2025-06-30,2025-05-27
1344,19,50,2,5,2025-03-11,2025-03-21,2025-02-13
1345,264,71,3,2,2023-11-19,2023-12-01,2023-10-25
1346,472,81,3,4,2024-04-15,2024-04-18,2024-04-10
1347,30,87,7,3,2024-10-24,2024-10-29,2024-10-06
1348,417,103,7,10,2024-05-14,2024-05-21,2024-05-12
1349,309,194,3,4,2025-03-31,2025-04-13,2025-03-04
1350,255,89,4,7,2024-06-24,2024-06-26,2024-06-23
1351,94,40,9,8,2023-11-14,2023-11-25,2023-11-10
1352,376,133,9,8,2024-01-12,2024-01-26,2023-12-13
1353,116,40,10,6,2024-05-23,2024-06-05,2024-05-08
1354,489,49,10,3,2025-05-05,2025-05-15,2025-04-14
1355,392,62,4,7,2024-10-31,2024-11-08,2024-10-17
1356,112,39,2,8,2025-04-04,2025-04-17,2025-03-30
1357,85,10,10,2,2024-05-22,2024-06-01,2024-05-04
1358,445,14,2,2,2024-07-23,2024-07-27,2024-07-17
1359,138,79,5,8,2024-05-12,2024-05-13,2024-04-30
1360,138,70,6,9,2025-03-14,2025-03-27,2025-03-02
1361,44,84,8,6,2024-02-29,2024-03-04,2024-02-05
1362,403,26,4,9,2025-03-16,2025-03-20,2025-02-25
1363,249,90,9,9,2024-05-29,2024-06-11,2024-05-27
1364,46,155,1,4,2023-09-06,2023-09-10,2023-08-13
1365,490,73,3,9,2024-08-23,2024-09-04,2024-08-12
1366,320,153,9,10,2023-09-29,2023-10-07,2023-09-27
1367,444,114,1,7,2024-06-07,2024-06-12,2024-05-13
1368,469,154,3,1,2024-12-23,2024-12-25,2024-12-10
1369,1,89,9,8,2024-07-16,2024-07-19,2024-06-23
1370,84,45,9,9,2025-04-16,2025-04-25,2025-03-18
1371,329,196,8,5,2024-05-01,2024-05-12,2024-04-09
1372,115,122,3,3,2024-07-17,2024-07-24,2024-07-04
1373,474,105,4,7,2024-07-11,2024-07-15,2024-06-24
1374,323,86,2,7,2025-02-16,2025-02-25,2025-02-08
1375,266,195,9,9,2024-06-10,2024-06-23,2024-05-23
1376,205,104,9,7,2025-04-08,2025-04-21,2025-03-27
1377,484,81,2,1,2025-05-02,2025-05-15,2025-04-03
1378,165,1,5,10,2024-06-04,2024-06-14,2024-05-18
1379,305,138,6,3,2023-10-30,2023-11-04,2023-10-19
1380,146,70,9,5,2024-01-11,2024-01-14,2023-12-16
1381,442,68,3,6,2024-02-24,2024-03-02,2024-02-23
1382,156,66,9,3,2025-03-08,2025-03-15,2025-02-23
1383,327,147,3,3,2025-03-25,2025-04-02,2025-02-28
1384,47,160,6,9,2023-10-27,2023-10-31,2023-10-14
1385,11,42,7,10,2024-06-22,2024-07-06,2024-05-30
1386,419,8,4,4,2025-01-17,2025-01-25,2024-12-27
1387,376,124,10,5,2025-02-25,2025-03-05,2025-01-30
1388,364,109,1,5,2025-02-20,2025-02-26,2025-01-29
1389,252,81,9,2,2024-07-15,2024-07-29,2024-07-14
1390,407,193,7,6,2024-06-10,2024-06-15,2024-05-17
1391,87,137,5,10,2025-04-17,2025-04-29,2025-03-23
1392,191,53,6,10,2025-05-30,2025-06-04,2025-05-03
1393,322,178,2,3,2024-09-16,2024-09-28,2024-08-29
1394,328,28,10,1,2023-12-16,2023-12-25,2023-12-05
1395,238,39,7,2,2024-04-18,2024-04-26,2024-03-25
1396,247,52,7,4,2025-07-08,2025-07-21,2025-06-10
1397,463,177,6,10,2025-08-11,2025-08-24,2025-07-28
1398,29,150,2,10,2023-10-18,2023-10-20,2023-10-05
1399,481,82,2,2,2025-01-03,2025-01-07,2024-12-11
1400,239,29,4,4,2023-12-26,2023-12-29,2023-11-29
1401,198,84,5,1,2024-01-24,2024-01-28,2024-01-01
1402,116,94,1,1,2024-11-29,2024-12-12,2024-11-13
1403,232,65,4,5,2024-04-09,2024-04-11,2024-04-04
1404,138,134,4,6,2024-11-18,2024-11-23,2024-11-03
1405,489,131,1,10,2024-03-20,2024-03-29,2024-03-15
1406,329,63,1,7,2024-05-29,2024-06-02,2024-05-03
1407,43,30,3,4,2024-03-27,2024-04-08,2024-02-28
1408,232,52,10,1,2024-03-04,2024-03-10,2024-02-20
1409,476,119,10,8,2024-02-23,2024-03-01,2024-02-19
1410,198,145,10,3,2024-06-05,2024-06-13,2024-05-10
1411,245,74,8,4,2024-11-25,2024-11-30,2024-11-02
1412,475,46,4,9,2025-03-22,2025-03-24,2025-03-20
1413,463,200,7,8,2024-04-10,2024-04-12,2024-03-16
1414,487,61,4,7,2024-01-14,2024-01-15,2023-12-31
1415,250,173,2,9,2024-10-27,2024-11-02,2024-10-18
1416,205,168,1,4,2024-10-19,2024-10-21,2024-10-14
1417,456,105,5,3,2024-11-23,2024-12-04,2024-11-21
1418,58,142,5,6,2024-02-14,2024-02-22,2024-02-10
1419,232,67,9,3,2024-12-01,2024-12-12,2024-11-24
1420,89,179,4,4,2025-05-20,2025-06-01,2025-05-18
1421,37,174,5,3,2025-05-19,2025-06-01,2025-04-27
1422,46,66,3,9,2025-07-22,2025-07-24,2025-06-25
1423,153,5,4,2,2025-03-13,2025-03-20,2025-02-14
1424,305,149,10,3,2024-01-20,2024-01-26,2023-12-29
1425,454,20,5,3,2025-07-31,2025-08-05,2025-07-20
1426,103,103,8,5,2024-12-25,2025-01-01,2024-12-04
1427,276,117,5,6,2023-12-07,2023-12-17,2023-11-26
1428,329,31,8,9,2025-06-22,2025-07-05,2025-05-31
1429,468,83,7,4,2025-05-05,2025-05-16,2025-04-24
1430,68,9,2,10,2024-05-28,2024-06-11,2024-05-06
1431,478,63,2,4,2024-11-29,2024-12-02,2024-11-05
1432,233,134,2,10,2024-01-08,2024-01-17,2023-12-19
1433,239,18,8,5,2024-03-15,2024-03-16,2024-02-19
1434,316,147,10,10,2024-12-25,2025-01-02,2024-12-04
1435,232,155,4,9,2024-08-12,2024-08-13,2024-07-16
1436,131,99,6,4,2025-09-01,2025-09-05,2025-08-03
1437,319,145,9,5,2023-09-26,2023-10-05,2023-09-04
1438,242,42,3,2,2025-07-09,2025-07-23,2025-06-23
1439,157,26,8,2,2024-06-18,2024-06-25,2024-06-17
1440,157,17,10,5,2025-06-29,2025-07-02,2025-06-06
1441,342,181,1,5,2023-12-28,2024-01-05,2023-11-29
1442,463,175,3,7,2024-01-30,2024-02-01,2024-01-18
1443,293,78,3,6,2025-08-26,2025-09-03,2025-07-30
1444,475,125,6,6,2024-10-24,2024-10-29,2024-10-23
1445,188,42,6,3,2024-12-07,2024-12-19,2024-12-04
1446,167,46,3,10,2024-03-03,2024-03-15,2024-02-16
1447,203,151,2,8,2025-07-05,2025-07-16,2025-07-01
1448,471,44,9,7,2025-04-27,2025-04-29,2025-04-11
1449,45,80,4,8,2024-06-23,2024-07-05,2024-06-03
1450,446,100,8,8,2024-09-07,2024-09-17,2024-08-15
1451,271,170,5,2,2024-05-08,2024-05-20,2024-04-09
1452,328,68,10,8,2024-07-29,2024-07-31,2024-06-29
1453,499,187,8,1,2025-03-03,2025-03-15,2025-02-24
1454,107,27,2,7,2024-07-14,2024-07-15,2024-06-14
1455,412,54,9,7,2023-09-22,2023-09-24,2023-09-01
1456,110,39,5,6,2023-10-27,2023-11-05,2023-09-27
1457,346,9,8,1,2025-05-22,2025-06-01,2025-05-16
1458,394,73,9,7,2024-05-31,2024-06-03,2024-05-13
1459,211,175,6,4,2024-01-06,2024-01-14,2023-12-22
1460,216,163,1,3,2024-03-19,2024-03-30,2024-03-06
1461,35,104,6,4,2024-02-20,2024-03-01,2024-01-21
1462,92,89,2,2,2025-08-07,2025-08-20,2025-08-04
1463,401,162,7,10,2025-03-10,2025-03-20,2025-02-28
1464,247,100,8,5,2024-04-14,2024-04-18,2024-03-22
1465,52,31,6,9,2025-08-23,2025-09-05,2025-07-24
1466,63,13,6,10,2023-09-21,2023-09-28,2023-08-25
1467,13,36,7,1,2024-01-26,2024-01-27,2024-01-13
1468,219,33,6,3,2024-04-13,2024-04-23,2024-03-28
1469,385,157,10,7,2025-01-03,2025-01-06,2025-01-02
1470,403,66,9,2,2025-03-19,2025-03-29,2025-02-24
1471,398,31,10,6,2024-09-19,2024-10-02,2024-09-16
1472,333,29,6,5,2024-02-07,2024-02-18,2024-01-24
1473,441,88,9,10,2024-02-25,2024-03-08,2024-02-18
1474,190,117,7,7,2025-02-11,2025-02-16,2025-01-16
1475,432,36,9,3,2024-04-13,2024-04-26,2024-03-18
1476,471,155,8,8,2025-01-30,2025-02-04,2024-12-31
1477,298,12,9,9,2024-10-24,2024-11-03,2024-10-11
1478,288,158,6,6,2024-01-22,2024-01-31,2024-01-01
1479,323,51,8,5,2024-09-08,2024-09-19,2024-08-27
1480,72,103,3,1,2025-07-04,2025-07-07,2025-06-26
1481,50,183,1,6,2025-04-05,2025-04-09,2025-03-07
1482,189,11,2,3,2024-04-07,2024-04-21,2024-03-31
1483,467,143,9,1,2025-02-06,2025-02-19,2025-01-07
1484,155,153,3,3,2024-02-08,2024-02-12,2024-01-31
1485,348,82,5,9,2024-03-16,2024-03-17,2024-02-28
1486,221,127,3,9,2023-08-30,2023-09-08,2023-08-17
1487,27,33,3,1,2024-09-15,2024-09-23,2024-09-14
1488,146,175,6,4,2024-03-23,2024-03-26,2024-03-09
1489,310,182,8,5,2024-10-29,2024-11-11,2024-10-02
1490,359,108,9,8,2024-06-29,2024-07-09,2024-06-18
1491,3,58,6,8,2023-11-26,2023-12-07,2023-11-18
1492,214,171,3,8,2025-02-14,2025-02-18,2025-02-13
1493,290,192,10,7,2024-06-09,2024-06-19,2024-06-08
1494,262,140,8,6,2025-03-22,2025-03-25,2025-03-12
1495,464,165,6,9,2025-07-28,2025-08-06,2025-07-25
1496,378,9,1,6,2025-02-07,2025-02-12,2025-01-16
1497,284,162,9,1,2025-02-04,2025-02-12,2025-01-22
1498,77,107,1,7,2024-05-06,2024-05-20,2024-04-18
1499,100,89,6,7,2024-01-11,2024-01-13,2023-12-19
1500,102,35,4,4,2023-12-05,2023-12-15,2023-11-05
1501,71,83,6,5,2024-06-24,2024-06-30,2024-05-30
1502,488,96,9,9,2025-04-14,2025-04-16,2025-03-18
1503,81,189,10,9,2024-09-29,2024-10-01,2024-09-04
1504,216,68,2,2,2023-10-11,2023-10-25,2023-10-05
1505,355,6,2,8,2025-06-19,2025-06-30,2025-06-09
1506,308,119,1,1,2024-12-31,2025-01-14,2024-12-12
1507,48,181,7,7,2025-06-20,2025-06-21,2025-06-09
1508,78,28,5,2,2024-10-03,2024-10-07,2024-09-25
1509,442,90,1,5,2025-01-05,2025-01-13,2024-12-22
1510,102,50,1,4,2025-02-12,2025-02-24,2025-01-31
1511,15,4,2,9,2023-10-17,2023-10-18,2023-09-25
1512,7,96,1,4,2024-04-18,2024-04-28,2024-04-04
1513,54,20,8,9,2025-03-19,2025-03-29,2025-03-11
1514,299,58,4,3,2024-09-20,2024-10-03,2024-08-23
1515,169,143,6,3,2024-06-03,2024-06-07,2024-06-02
1516,215,11,7,7,2025-08-05,2025-08-14,2025-07-25
1517,295,53,5,10,2025-03-22,2025-03-28,2025-03-18
1518,107,65,10,5,2024-12-09,2024-12-11,2024-11-18
1519,290,88,9,9,2025-01-06,2025-01-09,2024-12-18
1520,57,160,2,8,2024-06-09,2024-06-17,2024-05-11
1521,405,126,2,6,2023-12-21,2023-12-27,2023-12-17
1522,151,170,9,10,2024-07-25,2024-08-03,2024-07-17
1523,208,180,1,8,2023-11-30,2023-12-02,2023-11-29
1524,334,29,5,8,2025-05-05,2025-05-18,2025-04-15
1525,74,16,10,9,2024-01-27,2024-02-10,2024-01-13
1526,201,34,6,9,2023-12-09,2023-12-22,2023-11-13
1527,401,63,10,8,2025-07-15,2025-07-27,2025-06-29
1528,131,154,3,10,2024-08-22,2024-09-05,2024-07-26
1529,294,88,4,10,2024-07-15,2024-07-21,2024-07-03
1530,424,97,10,5,2024-08-12,2024-08-14,2024-08-03
1531,474,44,2,4,2023-11-14,2023-11-20,2023-10-21
1532,263,22,8,8,2024-12-11,2024-12-23,2024-12-02
1533,440,35,7,2,2025-04-16,2025-04-17,2025-03-17
1534,104,122,3,5,2025-05-24,2025-05-31,2025-05-06
1535,454,177,5,10,2023-12-01,2023-12-14,2023-11-23
1536,410,159,8,10,2024-03-04,2024-03-08,2024-03-03
1537,264,149,6,4,2023-11-18,2023-11-20,2023-10-31
1538,112,142,7,4,2025-08-13,2025-08-22,2025-08-08
1539,300,14,3,5,2024-01-08,2024-01-09,2023-12-29
1540,149,138,5,6,2024-04-20,2024-04-23,2024-04-08
1541,418,136,8,2,2024-11-03,2024-11-15,2024-10-29
1542,426,194,4,4,2025-06-12,2025-06-22,2025-05-28
1543,126,155,2,2,2023-11-22,2023-11-27,2023-11-21
1544,360,132,7,1,2025-04-01,2025-04-14,2025-03-17
1545,413,179,2,1,2024-01-22,2024-01-31,2023-12-24
1546,201,139,6,7,2025-03-13,2025-03-26,2025-02-16
1547,102,88,4,2,2023-12-22,2024-01-01,2023-11-29
1548,276,155,3,5,2024-11-25,2024-12-08,2024-11-12
1549,243,35,7,6,2024-03-09,2024-03-11,2024-03-02
1550,414,147,4,3,2025-06-20,2025-06-30,2025-05-22
1551,482,63,9,2,2025-08-09,2025-08-10,2025-07-24
1552,39,76,5,4,2024-02-15,2024-02-18,2024-01-17
1553,255,184,4,4,2024-04-20,2024-05-01,2024-04-12
1554,405,126,4,9,2025-02-20,2025-03-03,2025-02-09
1555,62,49,9,2,2024-01-27,2024-02-10,2024-01-12
1556,160,41,8,8,2024-08-29,2024-09-12,2024-08-21
1557,394,91,2,6,2024-07-17,2024-07-29,2024-07-01
1558,202,161,6,5,2024-06-03,2024-06-13,2024-05-13
1559,457,47,8,5,2024-10-27,2024-11-05,2024-10-08
1560,65,20,7,2,2025-03-29,2025-03-30,2025-03-25
1561,182,139,5,7,2024-07-21,2024-07-28,2024-06-30
1562,363,23,5,8,2025-03-29,2025-04-11,2025-03-21
1563,50,82,3,9,2023-09-05,2023-09-17,2023-09-01
1564,404,165,7,1,2024-01-31,2024-02-13,2024-01-09
1565,178,164,9,3,2024-06-01,2024-06-14,2024-05-27
1566,387,196,1,5,2023-09-23,2023-09-27,2023-09-08
1567,367,196,7,7,2024-04-08,2024-04-11,2024-03-11
1568,258,144,9,4,2025-05-04,2025-05-12,2025-05-02
1569,12,110,5,6,2024-05-27,2024-05-28,2024-04-27
1570,397,132,1,6,2024-04-10,2024-04-21,2024-03-14
1571,219,59,7,9,2024-10-26,2024-11-05,2024-10-02
1572,199,178,8,2,2025-06-15,2025-06-21,2025-05-17
1573,172,68,3,7,2024-09-18,2024-09-27,2024-09-15
1574,387,22,2,10,2025-04-08,2025-04-17,2025-03-17
1575,280,187,9,6,2023-09-08,2023-09-14,2023-08-11
1576,244,110,2,6,2025-08-10,2025-08-11,2025-07-24
1577,341,28,9,4,2025-07-30,2025-08-01,2025-07-18
1578,59,3,7,6,2024-01-31,2024-02-07,2024-01-17
1579,286,97,2,6,2025-05-21,2025-06-03,2025-04-24
1580,251,93,3,4,2025-03-27,2025-04-06,2025-03-07
1581,240,36,6,3,2025-05-23,2025-06-02,2025-05-14
1582,117,189,5,7,2025-01-05,2025-01-17,2024-12-22
1583,34,39,3,4,2025-06-08,2025-06-15,2025-05-09
1584,253,139,6,6,2024-06-24,2024-07-02,2024-06-16
1585,55,77,10,10,2025-01-20,2025-02-01,2025-01-16
1586,338,15,7,7,2025-05-02,2025-05-15,2025-04-27
1587,450,125,1,4,2024-09-23,2024-10-07,2024-09-20
1588,168,189,7,7,2023-12-18,2023-12-24,2023-11-24
1589,273,196,7,2,2024-01-24,2024-01-27,2024-01-18
1590,86,11,3,5,2025-03-23,2025-04-06,2025-03-21
1591,10,193,4,10,2024-05-18,2024-05-22,2024-04-18
1592,16,122,5,8,2024-04-12,2024-04-15,2024-03-31
1593,445,23,9,5,2024-06-06,2024-06-18,2024-05-20
1594,217,110,8,3,2024-10-23,2024-10-29,2024-09-26
1595,328,37,5,8,2024-01-09,2024-01-14,2023-12-29
1596,372,97,6,4,2025-08-25,2025-09-04,2025-08-09
1597,120,110,7,3,2024-06-17,2024-06-21,2024-06-06
1598,340,188,10,5,2025-03-13,2025-03-22,2025-02-20
1599,332,136,5,5,2025-05-21,2025-05-22,2025-05-03
1600,82,90,10,2,2024-07-26,2024-08-08,2024-07-11
1601,255,131,1,10,2025-08-09,2025-08-21,2025-08-02
1602,380,96,6,9,2025-01-06,2025-01-17,2025-01-02
1603,395,116,6,10,2023-11-10,2023-11-22,2023-10-25
1604,230,143,9,9,2024-04-01,2024-04-06,2024-03-28
1605,426,46,3,4,2023-09-05,2023-09-09,2023-08-30
1606,31,154,3,1,2024-08-29,2024-09-10,2024-08-08
1607,420,159,10,9,2025-08-05,2025-08-11,2025-07-20
1608,287,126,7,9,2024-01-07,2024-01-14,2023-12-09
1609,308,132,1,7,2024-01-02,2024-01-03,2023-12-07
1610,1,88,6,2,2024-10-17,2024-10-23,2024-10-14
1611,443,196,3,8,2024-09-21,2024-09-24,2024-09-05
1612,351,8,9,7,2023-12-07,2023-12-14,2023-12-01
1613,103,183,7,7,2024-12-02,2024-12-16,2024-11-14
1614,313,6,5,8,2024-09-12,2024-09-26,2024-09-10
1615,201,20,10,5,2025-07-17,2025-07-19,2025-07-15
1616,53,10,9,1,2025-04-27,2025-04-28,2025-04-09
1617,51,139,7,10,2024-04-16,2024-04-28,2024-03-31
1618,163,168,6,10,2025-03-02,2025-03-10,2025-02-07
1619,161,155,8,9,2024-02-11,2024-02-13,2024-01-26
1620,464,159,3,6,2023-10-09,2023-10-12,2023-09-16
1621,57,64,1,2,2024-09-06,2024-09-07,2024-08-13
1622,401,149,7,2,2025-03-20,2025-03-26,2025-03-01
1623,417,57,9,2,2024-09-21,2024-09-25,2024-09-13
1624,139,72,2,1,2024-10-10,2024-10-12,2024-10-06
1625,39,11,10,3,2023-11-26,2023-12-07,2023-11-18
1626,6,125,9,1,2025-02-09,2025-02-20,2025-01-31
1627,485,105,10,6,2024-07-14,2024-07-17,2024-07-09
1628,288,52,7,10,2023-09-21,2023-09-25,2023-09-18
1629,110,134,1,4,2023-10-19,2023-10-24,2023-10-01
1630,13,60,7,4,2024-07-28,2024-08-05,2024-07-21
1631,93,21,8,1,2024-09-23,2024-10-07,2024-09-10
1632,129,33,6,8,2023-09-26,2023-09-27,2023-09-12
1633,189,147,10,6,2024-08-19,2024-08-21,2024-07-30
1634,392,66,10,9,2025-08-15,2025-08-16,2025-08-05
1635,455,63,2,5,2025-02-20,2025-02-25,2025-01-29
1636,148,147,7,2,2023-10-17,2023-10-24,2023-10-14
1637,413,118,1,10,2023-12-18,2023-12-25,2023-12-08
1638,434,54,6,1,2024-01-19,2024-01-31,2024-01-02
1639,403,98,2,5,2023-09-10,2023-09-24,2023-08-27
1640,93,61,8,7,2023-09-21,2023-09-30,2023-08-23
1641,237,9,4,4,2025-03-30,2025-04-01,2025-03-12
1642,242,132,1,5,2024-05-10,2024-05-20,2024-05-06
1643,234,89,7,2,2025-05-05,2025-05-17,2025-05-04
1644,16,44,7,1,2024-12-24,2024-12-27,2024-11-27
1645,305,49,1,1,2024-12-14,2024-12-21,2024-11-16
1646,376,199,2,3,2025-03-06,2025-03-17,2025-02-04
1647,302,147,1,5,2025-05-19,2025-06-02,2025-04-24
1648,390,3,5,6,2025-08-28,2025-08-29,2025-08-06
1649,148,50,6,6,2024-12-24,2024-12-28,2024-12-11
1650,109,199,9,8,2024-08-02,2024-08-12,2024-07-31
1651,248,170,5,4,2025-04-19,2025-04-24,2025-04-18
1652,96,111,10,4,2024-05-10,2024-05-18,2024-05-09
1653,119,70,9,4,2024-09-25,2024-10-09,2024-09-19
1654,486,177,2,5,2025-05-15,2025-05-19,2025-05-10
1655,128,78,9,3,2024-05-23,2024-05-26,2024-05-19
1656,394,194,6,8,2023-09-08,2023-09-15,2023-09-07
1657,37,105,9,5,2025-07-23,2025-07-29,2025-06-25
1658,444,31,10,4,2025-08-19,2025-08-22,2025-08-10
1659,138,177,2,9,2025-05-22,2025-05-28,2025-04-26
1660,233,44,4,1,2025-05-27,2025-06-01,2025-05-07
1661,134,176,10,6,2025-04-15,2025-04-29,2025-03-17
1662,225,140,3,9,2024-05-07,2024-05-17,2024-04-07
1663,46,196,9,3,2023-08-18,2023-08-28,2023-08-16
1664,433,36,8,3,2023-11-10,2023-11-20,2023-11-08
1665,138,62,8,3,2024-07-21,2024-07-26,2024-07-19
1666,111,104,6,3,2024-12-31,2025-01-03,2024-12-24
1667,305,43,6,3,2024-05-27,2024-06-06,2024-05-19
1668,279,88,2,7,2025-01-14,2025-01-19,2024-12-17
1669,275,4,10,1,2023-11-14,2023-11-26,2023-11-13
1670,416,76,10,3,2025-06-05,2025-06-17,2025-06-04
1671,41,14,7,9,2025-07-30,2025-08-10,2025-07-18
1672,414,148,10,1,2025-08-08,2025-08-16,2025-07-16
1673,71,166,3,10,2024-01-05,2024-01-08,2023-12-26
1674,317,145,8,9,2024-06-20,2024-06-22,2024-06-09
1675,9,9,9,10,2024-03-23,2024-03-25,2024-02-23
1676,394,18,4,5,2023-09-20,2023-09-30,2023-08-28
1677,366,85,10,5,2024-11-07,2024-11-14,2024-10-25
1678,219,122,9,3,2025-01-25,2025-02-08,2024-12-30
1679,139,133,10,1,2025-01-04,2025-01-17,2024-12-15
1680,168,61,1,3,2025-04-09,2025-04-11,2025-04-04
1681,181,189,1,9,2024-06-08,2024-06-14,2024-05-18
1682,87,40,7,7,2023-12-12,2023-12-15,2023-11-14
1683,117,153,9,1,2024-06-30,2024-07-05,2024-06-07
1684,2,194,3,10,2024-09-24,2024-10-07,2024-09-17
1685,13,52,2,10,2024-06-20,2024-06-23,2024-06-03
1686,434,19,2,6,2024-05-13,2024-05-27,2024-04-13
1687,205,134,6,8,2024-04-30,2024-05-12,2024-04-08
1688,345,172,1,10,2023-11-30,2023-12-05,2023-11-26
1689,380,48,9,2,2025-03-13,2025-03-18,2025-02-11
1690,454,105,3,5,2025-08-03,2025-08-16,2025-07-04
1691,446,114,7,6,2024-04-13,2024-04-27,2024-04-12
1692,342,120,2,7,2025-08-08,2025-08-13,2025-07-23
1693,452,117,3,9,2024-03-05,2024-03-19,2024-02-27
1694,265,13,2,9,2024-02-08,2024-02-19,2024-01-11
1695,469,13,4,8,2023-10-23,2023-10-29,2023-09-27
1696,28,123,5,8,2024-07-30,2024-08-04,2024-07-14
1697,403,68,4,9,2025-01-04,2025-01-17,2024-12-14
1698,401,151,7,4,2025-07-29,2025-08-07,2025-07-09
1699,10,32,5,2,2023-11-25,2023-12-06,2023-11-19
1700,367,71,6,7,2023-09-18,2023-09-25,2023-08-23
1701,406,199,6,7,2025-02-26,2025-03-01,2025-02-18
1702,417,155,10,4,2024-05-28,2024-06-08,2024-04-30
1703,292,88,5,1,2023-10-01,2023-10-10,2023-09-15
1704,254,36,4,4,2024-06-15,2024-06-29,2024-05-26
1705,397,141,7,4,2023-09-01,2023-09-06,2023-08-11
1706,250,178,9,7,2024-05-04,2024-05-05,2024-04-18
1707,147,67,2,1,2024-04-07,2024-04-17,2024-03-20
1708,119,117,9,6,2024-10-02,2024-10-13,2024-10-01
1709,194,68,7,3,2025-08-04,2025-08-09,2025-07-09
1710,279,183,7,4,2025-07-30,2025-08-04,2025-07-07
1711,28,110,6,5,2024-09-08,2024-09-15,2024-08-18
1712,325,45,2,4,2024-11-04,2024-11-06,2024-10-28
1713,203,116,3,7,2024-09-03,2024-09-09,2024-08-19
1714,60,42,1,5,2025-05-29,2025-05-30,2025-05-03
1715,106,42,5,3,2024-11-27,2024-12-01,2024-11-15
1716,438,47,1,10,2024-11-09,2024-11-17,2024-11-05
1717,494,155,2,4,2025-02-06,2025-02-15,2025-01-16
1718,329,159,3,5,2023-09-12,2023-09-24,2023-08-19
1719,400,139,7,9,2023-12-27,2023-12-28,2023-12-21
1720,11,48,8,4,2023-09-30,2023-10-08,2023-09-17
1721,239,182,10,4,2024-12-01,2024-12-11,2024-11-06
1722,423,179,7,6,2024-02-25,2024-03-03,2024-01-31
1723,43,136,5,7,2025-02-28,2025-03-02,2025-02-24
1724,320,165,1,9,2025-03-10,2025-03-23,2025-03-08
1725,434,103,6,7,2025-05-19,2025-05-25,2025-04-22
1726,497,51,6,9,2025-05-20,2025-05-23,2025-04-22
1727,380,50,10,9,2023-08-28,2023-09-07,2023-08-24
1728,4,179,7,9,2024-07-13,2024-07-24,2024-06-19
1729,492,79,7,4,2024-07-06,2024-07-11,2024-07-02
1730,452,24,2,8,2025-01-14,2025-01-21,2025-01-04
1731,334,148,3,2,2025-04-23,2025-04-24,2025-04-18
1732,393,104,6,2,2025-06-19,2025-06-28,2025-06-06
1733,274,135,3,8,2024-07-16,2024-07-25,2024-06-17
1734,165,43,10,6,2024-11-08,2024-11-10,2024-10-14
1735,478,173,1,7,2024-07-31,2024-08-09,2024-07-17
1736,112,125,2,7,2025-03-04,2025-03-16,2025-03-01
1737,154,101,2,1,2024-04-27,2024-05-09,2024-04-25
1738,372,10,8,5,2023-11-26,2023-12-05,2023-11-14
1739,20,23,8,3,2023-09-09,2023-09-18,2023-08-18
1740,471,77,8,2,2023-10-26,2023-10-29,2023-09-27
1741,309,84,4,2,2024-06-13,2024-06-18,2024-06-09
1742,346,82,1,9,2025-07-31,2025-08-03,2025-07-30
1743,93,125,10,6,2023-11-21,2023-12-02,2023-11-20
1744,341,195,9,6,2024-04-24,2024-04-30,2024-04-17
1745,69,200,3,2,2023-11-01,2023-11-12,2023-10-09
1746,165,104,2,4,2023-10-20,2023-11-02,2023-09-27
1747,405,11,6,2,2023-11-07,2023-11-20,2023-10-27
1748,487,121,6,9,2023-10-07,2023-10-10,2023-09-19
1749,153,65,8,7,2024-06-25,2024-06-26,2024-06-01
1750,37,194,9,3,2024-02-07,2024-02-19,2024-01-26
1751,73,58,8,2,2023-10-04,2023-10-10,2023-09-29
1752,143,115,6,5,2024-10-06,2024-10-07,2024-09-27
1753,394,35,3,8,2025-07-30,2025-08-03,2025-07-25
1754,439,42,3,3,2024-05-17,2024-05-18,2024-05-09
1755,170,130,8,1,2023-11-18,2023-11-25,2023-11-10
1756,229,184,10,6,2023-09-20,2023-09-28,2023-08-29
1757,54,138,2,5,2024-07-23,2024-07-28,2024-07-17
1758,171,128,5,6,2024-01-02,2024-01-06,2023-12-17
1759,74,23,3,4,2024-08-25,2024-09-05,2024-08-05
1760,33,64,9,3,2024-03-15,2024-03-26,2024-02-28
1761,304,102,2,4,2024-01-19,2024-01-21,2024-01-04
1762,247,63,8,4,2025-08-20,2025-08-21,2025-08-06
1763,276,89,7,8,2025-03-01,2025-03-02,2025-02-03
1764,134,48,4,2,2024-05-13,2024-05-27,2024-04-29
1765,28,176,8,1,2025-09-02,2025-09-16,2025-08-07
1766,485,91,5,9,2024-10-04,2024-10-05,2024-09-04
1767,413,69,4,10,2025-07-24,2025-07-29,2025-06-29
1768,88,130,7,2,2025-03-29,2025-04-02,2025-03-23
1769,73,35,7,7,2024-01-19,2024-01-28,2024-01-07
1770,375,66,4,2,2024-06-21,2024-06-24,2024-06-09
1771,175,129,7,8,2025-02-10,2025-02-17,2025-01-11
1772,149,14,1,4,2024-08-12,2024-08-13,2024-08-08
1773,380,164,10,8,2025-03-08,2025-03-17,2025-02-10
1774,299,101,8,6,2024-09-22,2024-10-06,2024-08-26
1775,7,81,6,7,2024-11-05,2024-11-09,2024-10-17
1776,102,127,5,2,2024-08-09,2024-08-12,2024-07-16
1777,331,125,6,7,2025-08-14,2025-08-21,2025-07-25
1778,124,48,6,2,2023-11-03,2023-11-04,2023-10-11
1779,97,36,1,7,2025-03-09,2025-03-17,2025-02-14
1780,301,3,9,2,2024-03-17,2024-03-27,2024-02-28
1781,359,102,7,5,2024-10-14,2024-10-23,2024-10-06
1782,14,68,3,10,2024-11-09,2024-11-21,2024-11-07
1783,440,181,9,3,2024-06-05,2024-06-11,2024-05-14
1784,436,37,9,5,2024-03-10,2024-03-21,2024-03-09
1785,116,68,8,4,2025-04-09,2025-04-23,2025-03-17
1786,204,41,5,7,2024-06-21,2024-06-22,2024-06-06
1787,294,111,9,7,2025-08-06,2025-08-11,2025-07-22
1788,400,163,8,8,2025-03-02,2025-03-06,2025-02-15
1789,195,94,8,10,2025-03-22,2025-03-25,2025-03-18
1790,306,177,6,3,2024-05-08,2024-05-21,2024-04-18
1791,123,104,7,8,2024-11-14,2024-11-22,2024-10-20
1792,101,43,3,1,2025-01-14,2025-01-20,2025-01-13
1793,425,103,1,7,2025-08-27,2025-09-07,2025-08-02
1794,278,78,6,2,2024-11-06,2024-11-17,2024-11-01
1795,98,21,1,2,2024-01-05,2024-01-19,2023-12-25
1796,62,41,8,3,2024-05-21,2024-05-23,2024-05-09
1797,190,198,10,3,2024-03-17,2024-03-29,2024-03-03
1798,322,15,2,2,2024-04-03,2024-04-15,2024-03-11
1799,393,111,6,6,2025-05-27,2025-06-01,2025-05-14
1800,145,65,7,1,2025-02-25,2025-03-06,2025-02-04
1801,168,154,6,4,2024-01-03,2024-01-13,2023-12-30
1802,168,169,5,6,2024-12-24,2024-12-31,2024-11-24
1803,303,23,10,7,2025-04-21,2025-04-28,2025-04-07
1804,330,64,6,10,2024-09-27,2024-10-07,2024-09-04
1805,31,143,9,2,2024-11-18,2024-11-21,2024-10-26
1806,174,145,6,7,2024-05-05,2024-05-15,2024-04-12
1807,93,88,4,10,2024-12-08,2024-12-17,2024-12-07
1808,72,68,9,3,2025-06-15,2025-06-20,2025-05-27
1809,303,68,3,5,2023-08-26,2023-08-31,2023-08-12
1810,116,83,3,8,2024-12-30,2025-01-02,2024-12-09
1811,453,114,5,3,2024-10-13,2024-10-23,2024-10-05
1812,133,26,8,1,2025-07-27,2025-08-04,2025-07-25
1813,29,112,3,9,2024-08-01,2024-08-06,2024-07-29
1814,444,100,7,10,2023-10-11,2023-10-23,2023-10-07
1815,458,52,4,9,2025-03-10,2025-03-24,2025-02-20
1816,101,101,9,6,2025-04-23,2025-04-30,2025-03-27
1817,58,30,5,6,2024-03-31,2024-04-07,2024-03-07
1818,309,63,4,3,2025-02-26,2025-03-09,2025-02-25
1819,260,156,4,1,2024-09-22,2024-10-05,2024-08-29
1820,332,53,10,6,2025-06-27,2025-07-06,2025-06-14
1821,88,85,7,7,2024-02-20,2024-03-04,2024-02-16
1822,479,145,6,6,2024-05-17,2024-05-23,2024-04-29
1823,42,184,10,4,2024-11-24,2024-12-05,2024-10-29
1824,210,108,1,1,2023-09-25,2023-10-06,2023-09-21
1825,157,123,6,1,2024-03-23,2024-04-05,2024-02-28
1826,189,33,9,8,2025-06-22,2025-06-29,2025-06-03
1827,117,146,9,6,2025-07-31,2025-08-06,2025-07-21
1828,418,81,5,1,2024-11-14,2024-11-26,2024-10-21
1829,326,39,3,4,2024-12-12,2024-12-24,2024-12-04
1830,136,73,9,7,2024-07-18,2024-07-23,2024-07-01
1831,104,62,9,8,2024-12-30,2025-01-12,2024-12-06
1832,483,174,4,10,2025-01-28,2025-02-06,2025-01-17
1833,405,195,2,1,2024-03-21,2024-03-27,2024-03-04
1834,258,98,5,3,2024-07-04,2024-07-17,2024-07-01
1835,462,153,6,3,2023-12-14,2023-12-28,2023-11-21
1836,131,19,10,2,2024-01-28,2024-01-30,2024-01-21
1837,415,160,3,5,2023-10-27,2023-11-02,2023-10-23
1838,420,171,3,2,2024-10-24,2024-10-30,2024-09-30
1839,334,193,8,9,2023-10-27,2023-10-28,2023-09-28
1840,475,197,6,6,2024-12-07,2024-12-17,2024-12-03
1841,114,118,7,5,2024-05-17,2024-05-22,2024-04-25
1842,180,196,7,6,2025-05-17,2025-05-30,2025-05-01
1843,499,168,6,3,2025-01-29,2025-02-08,2024-12-30
1844,136,148,10,10,2023-10-07,2023-10-09,2023-09-13
1845,17,40,8,6,2025-08-01,2025-08-04,2025-07-30
1846,440,183,2,6,2025-07-20,2025-08-02,2025-06-29
1847,360,176,10,4,2025-04-19,2025-04-29,2025-04-18
1848,471,88,1,7,2024-02-26,2024-03-04,2024-02-07
1849,400,60,1,7,2024-05-17,2024-05-24,2024-04-25
1850,401,16,6,6,2025-06-23,2025-07-01,2025-06-02
1851,61,187,3,3,2025-01-12,2025-01-19,2024-12-13
1852,474,143,2,2,2024-12-11,2024-12-12,2024-12-10
1853,441,176,6,7,2025-01-12,2025-01-24,2025-01-03
1854,155,102,5,6,2023-12-09,2023-12-21,2023-12-06
1855,370,3,9,3,2024-06-12,2024-06-21,2024-06-09
1856,355,24,9,7,2024-11-22,2024-11-27,2024-11-06
1857,108,182,6,7,2023-09-17,2023-09-27,2023-08-28
1858,142,21,3,7,2025-06-13,2025-06-14,2025-05-16
1859,432,3,10,1,2024-02-26,2024-03-03,2024-02-16
1860,193,167,10,6,2024-09-17,2024-09-24,2024-09-15
1861,256,147,5,2,2024-02-11,2024-02-22,2024-01-16
1862,49,50,1,9,2024-03-10,2024-03-14,2024-02-09
1863,55,195,4,7,2024-03-08,2024-03-14,2024-02-21
1864,16,46,10,6,2024-02-24,2024-02-29,2024-02-21
1865,479,173,7,10,2025-04-10,2025-04-15,2025-03-23
1866,28,130,7,6,2024-05-19,2024-05-29,2024-05-18
1867,18,51,10,3,2023-11-05,2023-11-07,2023-10-13
1868,249,43,10,8,2023-12-11,2023-12-12,2023-12-01
1869,464,155,6,9,2025-01-26,2025-02-04,2025-01-24
1870,326,8,3,6,2024-12-29,2025-01-04,2024-12-26
1871,132,38,4,7,2023-09-10,2023-09-22,2023-08-26
1872,20,3,8,5,2025-07-15,2025-07-19,2025-07-13
1873,394,96,4,7,2024-12-16,2024-12-29,2024-12-04
1874,101,46,2,2,2023-09-27,2023-10-03,2023-09-18
1875,36,20,4,3,2025-01-03,2025-01-10,2024-12-06
1876,440,174,1,9,2025-04-16,2025-04-30,2025-04-02
1877,233,117,6,10,2024-01-06,2024-01-13,2023-12-13
1878,238,77,7,3,2025-07-13,2025-07-23,2025-06-22
1879,292,43,1,6,2024-07-21,2024-07-22,2024-06-27
1880,381,16,9,5,2025-05-20,2025-06-01,2025-04-24
1881,380,24,1,10,2025-07-28,2025-08-03,2025-07-05
1882,52,36,9,8,2025-03-13,2025-03-15,2025-02-17
1883,91,143,8,10,2024-11-23,2024-12-04,2024-10-26
1884,333,63,5,8,2025-05-21,2025-05-22,2025-04-24
1885,472,3,9,7,2025-07-25,2025-07-30,2025-07-15
1886,57,35,1,4,2024-01-04,2024-01-13,2023-12-06
1887,312,104,4,2,2024-07-29,2024-07-30,2024-07-23
1888,45,62,6,6,2024-12-01,2024-12-13,2024-11-23
1889,172,188,7,5,2024-06-13,2024-06-18,2024-05-16
1890,338,42,2,2,2024-12-12,2024-12-24,2024-11-17
1891,96,57,1,2,2025-02-13,2025-02-22,2025-01-18
1892,327,58,5,5,2025-08-10,2025-08-12,2025-08-07
1893,100,187,4,6,2024-05-28,2024-06-07,2024-05-07
1894,368,55,1,8,2025-04-16,2025-04-22,2025-04-10
1895,18,172,2,1,2024-03-11,2024-03-18,2024-02-10
1896,276,4,2,9,2025-07-11,2025-07-12,2025-06-26
1897,1,189,5,9,2024-09-07,2024-09-15,2024-08-09
1898,485,179,5,6,2025-01-03,2025-01-16,2024-12-05
1899,500,2,1,6,2024-06-03,2024-06-12,2024-05-11
1900,259,51,9,8,2024-09-18,2024-09-28,2024-09-11
1901,448,148,10,4,2023-10-10,2023-10-13,2023-09-15
1902,272,137,7,7,2024-06-30,2024-07-12,2024-06-28
1903,54,69,1,1,2025-02-03,2025-02-17,2025-01-25
1904,98,38,1,9,2024-02-18,2024-02-27,2024-02-12
1905,210,46,2,1,2025-04-07,2025-04-08,2025-03-14
1906,82,99,8,4,2025-01-28,2025-02-08,2025-01-22
1907,77,74,2,10,2023-09-10,2023-09-14,2023-08-30
1908,323,175,2,8,2024-10-28,2024-11-01,2024-10-17
1909,246,112,9,5,2023-09-29,2023-10-01,2023-08-31
1910,15,175,10,5,2025-03-29,2025-04-09,2025-02-28
1911,126,83,9,9,2023-11-07,2023-11-12,2023-11-03
1912,372,182,3,8,2024-01-20,2024-01-25,2023-12-29
1913,371,190,9,7,2023-12-01,2023-12-10,2023-11-09
1914,156,134,3,8,2023-09-01,2023-09-14,2023-08-12
1915,378,60,2,6,2024-02-26,2024-02-27,2024-02-10
1916,385,91,6,5,2024-04-24,2024-04-28,2024-04-15
1917,353,56,3,6,2023-08-24,2023-09-03,2023-08-15
1918,307,183,3,9,2023-10-17,2023-10-27,2023-10-16
1919,407,171,7,9,2025-04-29,2025-05-09,2025-04-06
1920,72,6,2,7,2024-09-06,2024-09-08,2024-08-09
1921,424,179,1,2,2023-10-12,2023-10-14,2023-10-11
1922,222,14,3,8,2023-12-16,2023-12-25,2023-12-10
1923,320,123,2,2,2025-04-27,2025-05-02,2025-04-18
1924,238,151,4,4,2024-07-27,2024-08-07,2024-07-05
1925,222,199,4,5,2025-03-30,2025-04-04,2025-03-12
1926,445,149,7,9,2023-12-10,2023-12-15,2023-11-26
1927,475,45,2,3,2024-01-12,2024-01-23,2024-01-09
1928,98,148,7,8,2025-05-22,2025-06-05,2025-05-09
1929,464,34,6,7,2024-02-18,2024-02-27,2024-02-09
1930,359,181,2,6,2024-02-05,2024-02-06,2024-01-30
1931,42,59,8,3,2024-12-07,2024-12-15,2024-11-13
1932,395,199,3,6,2023-11-30,2023-12-03,2023-11-16
1933,179,108,1,10,2025-04-07,2025-04-10,2025-03-28
1934,25,58,6,10,2024-08-07,2024-08-18,2024-07-09
1935,102,3,6,5,2023-11-09,2023-11-15,2023-10-29
1936,150,138,2,8,2025-05-28,2025-06-07,2025-04-28
1937,232,53,1,9,2025-07-25,2025-08-03,2025-07-03
1938,385,137,8,2,2025-05-26,2025-06-06,2025-05-05
1939,310,70,1,4,2024-11-27,2024-12-09,2024-11-09
1940,439,124,4,2,2024-11-25,2024-12-03,2024-11-21
1941,306,153,6,2,2024-04-08,2024-04-10,2024-03-16
1942,486,164,3,5,2023-08-29,2023-08-30,2023-08-25
1943,246,83,2,10,2024-02-06,2024-02-13,2024-01-14
1944,162,142,7,5,2023-10-07,2023-10-20,2023-09-16
1945,84,10,10,8,2025-04-08,2025-04-11,2025-03-17
1946,3,158,9,3,2025-07-18,2025-07-21,2025-07-10
1947,475,184,1,6,2025-06-15,2025-06-24,2025-06-12
1948,122,55,7,4,2023-10-21,2023-10-23,2023-09-24
1949,420,46,3,2,2024-06-07,2024-06-11,2024-05-15
1950,464,191,1,7,2024-08-28,2024-09-08,2024-08-13
1951,355,125,2,8,2024-10-28,2024-11-06,2024-10-24
1952,87,168,7,2,2023-08-12,2023-08-13,2023-08-11
1953,466,56,1,2,2024-06-04,2024-06-15,2024-05-27
1954,475,108,9,10,2023-08-29,2023-09-05,2023-08-27
1955,363,131,4,8,2024-09-16,2024-09-27,2024-09-08
1956,387,71,8,7,2025-03-02,2025-03-09,2025-03-01
1957,448,141,2,9,2025-02-03,2025-02-04,2025-01-25
1958,269,194,3,9,2024-06-18,2024-06-19,2024-06-12
1959,433,175,9,8,2025-01-24,2025-01-29,2025-01-11
1960,17,57,4,1,2025-02-18,2025-02-24,2025-02-15
1961,184,179,3,9,2024-03-09,2024-03-19,2024-02-09
1962,452,5,6,4,2023-11-11,2023-11-24,2023-10-12
1963,95,174,2,5,2025-05-13,2025-05-20,2025-04-15
1964,81,1,8,6,2023-10-13,2023-10-23,2023-09-18
1965,389,25,1,9,2024-11-17,2024-11-23,2024-11-08
1966,206,85,7,1,2024-04-20,2024-05-02,2024-04-15
1967,377,122,1,5,2024-05-03,2024-05-10,2024-04-18
1968,428,158,4,6,2025-06-16,2025-06-24,2025-05-18
1969,302,149,1,5,2024-06-11,2024-06-12,2024-05-17
1970,278,18,6,1,2024-08-28,2024-09-10,2024-08-01
1971,473,99,5,6,2024-01-14,2024-01-16,2024-01-06
1972,279,107,2,1,2023-12-27,2023-12-29,2023-12-12
1973,23,168,5,5,2023-10-23,2023-10-31,2023-10-16
1974,121,66,4,10,2025-04-20,2025-05-02,2025-04-06
1975,142,14,6,6,2025-01-22,2025-01-25,2025-01-15
1976,325,87,4,9,2024-02-24,2024-03-06,2024-02-14
1977,409,142,1,3,2024-04-08,2024-04-09,2024-03-13
1978,388,31,1,8,2025-06-10,2025-06-17,2025-05-11
1979,272,46,2,4,2024-08-19,2024-08-22,2024-08-09
1980,373,179,5,2,2025-02-08,2025-02-20,2025-01-30
1981,281,86,5,9,2025-03-21,2025-03-29,2025-03-01
1982,149,185,2,4,2024-11-15,2024-11-28,2024-10-29
1983,46,191,3,6,2025-01-31,2025-02-07,2025-01-09
1984,453,15,8,4,2025-02-17,2025-02-23,2025-01-31
1985,16,135,10,5,2025-02-27,2025-03-06,2025-02-03
1986,271,80,8,8,2024-09-10,2024-09-16,2024-09-07
1987,225,50,5,4,2025-01-12,2025-01-20,2025-01-09
1988,68,197,6,7,2024-02-16,2024-02-22,2024-01-25
1989,386,136,8,4,2024-06-20,2024-06-27,2024-06-15
1990,470,67,8,1,2025-04-08,2025-04-13,2025-03-14
1991,15,152,10,5,2025-07-11,2025-07-24,2025-07-09
1992,253,122,7,10,2025-04-30,2025-05-11,2025-04-24
1993,169,60,1,5,2024-09-25,2024-10-03,2024-08-27
1994,1,43,5,5,2025-01-05,2025-01-19,2024-12-16
1995,105,57,7,5,2024-05-24,2024-05-31,2024-05-16
1996,67,104,5,7,2023-12-22,2023-12-28,2023-12-03
1997,8,76,9,2,2025-01-29,2025-02-01,2025-01-19
1998,467,134,6,5,2024-05-14,2024-05-19,2024-05-01
1999,37,78,8,10,2023-08-29,2023-09-03,2023-08-26
2000,110,154,3,9,2024-09-03,2024-09-16,2024-08-13
